:020000040800F2
:1000000000000220D51400083D1400084514000823
:100010004D140008551400085D140008000000008D
:10002000000000000000000000000000651400084F
:100030007314000800000000811400088F140008E9
:1000400025150008251500082515000825150008A8
:100050002515000825150008251500082515000898
:100060002515000825150008251500082515000888
:100070002515000825150008251500082515000878
:100080002515000825150008251500082515000868
:100090002515000825150008251500082515000858
:1000A0002515000825150008251500082515000848
:1000B0002515000825150008251500082515000838
:1000C0002515000825150008251500082515000828
:1000D0002515000825150008251500082515000818
:1000E0002515000825150008251500082515000808
:1000F00025150008251500082515000825150008F8
:1001000025150008251500082515000825150008E7
:1001100025150008251500082515000825150008D7
:1001200025150008251500082515000825150008C7
:1001300025150008251500082515000825150008B7
:100140002515000825150008251500089D14000830
:100150002515000825150008251500082515000897
:100160002515000825150008251500082515000887
:1001700025150008251500082515000800000000B9
:080180002515000825150008F3
:1001880010B5054C237833B9044B13B10448AFF3C9
:1001980000800123237010BDFC0000200000000037
:1001A8002091000808B5034B1BB103490348AFF37E
:1001B800008008BD00000000000100202091000818
:1001C80081F0004102E000BF83F0004330B54FEA00
:1001D80041044FEA430594EA050F08BF90EA020F6D
:1001E8001FBF54EA000C55EA020C7FEA645C7FEA00
:1001F800655C00F0E2804FEA5454D4EB5555B8BF23
:100208006D420CDD2C4480EA020281EA030382EA93
:10021800000083EA010180EA020281EA0303362D25
:1002280088BF30BD11F0004F4FEA01314FF4801CF8
:100238004CEA113102D0404261EB410113F0004F0A
:100248004FEA03334CEA133302D0524263EB4303C1
:1002580094EA050F00F0A780A4F10104D5F1200E5F
:100268000DDB02FA0EFC22FA05F2801841F10001BA
:1002780003FA0EF2801843FA05F359410EE0A5F18E
:1002880020050EF1200E012A03FA0EFC28BF4CF0BF
:10029800020C43FA05F3C01851EBE37101F0004575
:1002A80007D54FF0000EDCF1000C7EEB00006EEB82
:1002B8000101B1F5801F1BD3B1F5001F0CD349080C
:1002C8005FEA30004FEA3C0C04F101044FEA445263
:1002D80012F5800F80F09A80BCF1004F08BF5FEAEA
:1002E800500C50F1000041EB045141EA050130BDCA
:1002F8005FEA4C0C404141EB0101013C28BFB1F5DC
:10030800801FE9D291F0000F04BF01460020B1FA26
:1003180081F308BF2033A3F10B03B3F120020CDAF9
:100328000C3208DD02F1140CC2F10C0201FA0CF0D7
:1003380021FA02F10CE002F11402D8BFC2F1200C3C
:1003480001FA02F120FA0CFCDCBF41EA0C019040F2
:10035800E41AA2BF01EB0451294330BD6FEA04043B
:100368001F3C1CDA0C340EDC04F11404C4F1200226
:1003780020FA04F001FA02F340EA030021FA04F338
:1003880045EA030130BDC4F10C04C4F1200220FA8F
:1003980002F001FA04F340EA0300294630BD21FACD
:1003A80004F0294630BD94F0000F83F4801306BF93
:1003B80081F480110134013D4EE77FEA645C18BF87
:1003C8007FEA655C29D094EA050F08BF90EA020F1E
:1003D80005D054EA000C04BF1946104630BD91EA16
:1003E800030F1EBF0021002030BD5FEA545C05D119
:1003F8004000494128BF41F0004130BD14F5800458
:100408003CBF01F5801130BD01F0004545F0FE41CB
:1004180041F470014FF0000030BD7FEA645C1ABF00
:10042800194610467FEA655C1CBF0B46024650EA37
:10043800013406BF52EA033591EA030F41F4002163
:1004480030BD00BF90F0000F04BF0021704730B5E9
:100458004FF4806404F132044FF000054FF00001BE
:1004680050E700BF90F0000F04BF0021704730B57F
:100478004FF4806404F1320410F0004548BF404254
:100488004FF000013EE700BF42004FEAE2014FEAA9
:1004980031014FEA02701FBF12F07F4393F07F4F84
:1004A80081F06051704732F07F4208BF704793F087
:1004B8007F4F04BF41F40021704730B54FF460749A
:1004C80001F0004521F000411CE700BF50EA01029D
:1004D80008BF704730B54FF000050AE050EA010246
:1004E80008BF704730B511F0004502D5404261EBB6
:1004F80041014FF4806404F132045FEA915C3FF4F7
:10050800D8AE4FF003025FEADC0C18BF03325FEA93
:10051800DC0C18BF033202EBDC02C2F1200300FA44
:1005280003FC20FA02F001FA03FE40EA0E0021FA69
:1005380002F11444BDE600BF70B54FF0FF0C4CF457
:10054800E06C1CEA11541DBF1CEA135594EA0C0F09
:1005580095EA0C0F00F0DEF82C4481EA030621EA44
:100568004C5123EA4C5350EA013518BF52EA03357F
:1005780041F4801143F4801338D0A0FB02CE4FF031
:100588000005E1FB02E506F00042E0FB03E54FF061
:100598000006E1FB03569CF0000F18BF4EF0010E59
:1005A800A4F1FF04B6F5007F64F5407404D25FEA55
:1005B8004E0E6D4146EB060642EAC62141EA555108
:1005C8004FEAC52040EA5E504FEACE2EB4F1FD0C4A
:1005D80088BFBCF5E06F1ED8BEF1004F08BF5FEAC8
:1005E800500E50F1000041EB045170BD06F000467A
:1005F80046EA010140EA020081EA0301B4EB5C0427
:10060800C2BFD4EB0C0541EA045170BD41F480111E
:100618004FF0000E013C00F3AB8014F1360FDEBF43
:10062800002001F0004170BDC4F10004203C35DA1F
:100638000C341BDC04F11404C4F1200500FA05F3A2
:1006480020FA04F001FA05F240EA020001F0004243
:1006580021F0004110EBD37021FA04F642EB0601B9
:100668005EEA430E08BF20EAD37070BDC4F10C04E3
:10067800C4F1200500FA04F320FA05F001FA04F2A7
:1006880040EA020001F0004110EBD37041F1000193
:100698005EEA430E08BF20EAD37070BDC4F120059E
:1006A80000FA05F24EEA020E20FA04F301FA05F206
:1006B80043EA020321FA04F001F0004121FA04F2AE
:1006C80020EA020000EBD3705EEA430E08BF20EA7E
:1006D800D37070BD94F0000F0FD101F000464000B8
:1006E80041EB010111F4801F08BF013CF7D041EA3A
:1006F800060195F0000F18BF704703F0004652003E
:1007080043EB030313F4801F08BF013DF7D043EA0E
:100718000603704794EA0C0F0CEA135518BF95EAC4
:100728000C0F0CD050EA410618BF52EA4306D1D14B
:1007380081EA030101F000414FF0000070BD50EA6A
:10074800410606BF1046194652EA430619D094EAF4
:100758000C0F02D150EA013613D195EA0C0F05D1DE
:1007680052EA03361CBF104619460AD181EA030132
:1007780001F0004141F0FE4141F470014FF00000EA
:1007880070BD41F0FE4141F4780170BD70B54FF085
:10079800FF0C4CF4E06C1CEA11541DBF1CEA135505
:1007A80094EA0C0F95EA0C0F00F0A7F8A4EB0504E7
:1007B80081EA030E52EA03354FEA013100F08880DE
:1007C8004FEA03334FF0805545EA131343EA1263A7
:1007D8004FEA022245EA111545EA10654FEA00265C
:1007E8000EF000419D4208BF964244F1FD0404F515
:1007F800407402D25B084FEA3202B61A65EB030571
:100808005B084FEA32024FF480104FF4002CB6EB2D
:10081800020E75EB030E22BFB61A754640EA0C00AD
:100828005B084FEA3202B6EB020E75EB030E22BFED
:10083800B61A754640EA5C005B084FEA3202B6EB2E
:10084800020E75EB030E22BFB61A754640EA9C00ED
:100858005B084FEA3202B6EB020E75EB030E22BFBD
:10086800B61A754640EADC0055EA060E18D04FEA7B
:10087800051545EA16754FEA06164FEAC30343EA1B
:1008880052734FEAC2025FEA1C1CC0D111F4801FE8
:100898000BD141EA00014FF000004FF0004CB6E7E1
:1008A80011F4801F04BF01430020B4F1FD0C88BF80
:1008B800BCF5E06F3FF6AFAEB5EB030C04BFB6EB8B
:1008C800020C5FEA500C50F1000041EB045170BD7E
:1008D8000EF0004E4EEA113114EB5C04C2BFD4EBAB
:1008E8000C0541EA045170BD41F480114FF0000E2F
:1008F800013C90E645EA060E8DE60CEA135594EAAB
:100908000C0F08BF95EA0C0F3FF43BAF94EA0C0FAD
:100918000AD150EA01347FF434AF95EA0C0F7FF422
:1009280025AF104619462CE795EA0C0F06D152EA76
:1009380003353FF4FDAE1046194622E750EA41065A
:1009480018BF52EA43067FF4C5AE50EA41047FF46B
:100958000DAF52EA43057FF4EBAE12E74FEA4102CE
:10096800B2F1E04324BFB3F5001CDCF1FE5C0DD905
:1009780001F0004C4FEAC0024CEA5070B2F1004F4F
:1009880040EB830008BF20F00100704711F0804F52
:1009980021D113F13872BCBF01F00040704741F417
:1009A80080114FEA5252C2F11802C2F1200C10FA1B
:1009B8000CF320FA02F018BF40F001004FEAC123FF
:1009C8004FEAD32303FA0CFC40EA0C0023FA02F3A3
:1009D8004FEA4303CCE77FEA625307D150EA013379
:1009E8001EBF4FF0FE4040F44000704701F0004049
:1009F80040F0FE4040F40000704700BF53B94AB9C8
:100A0800002908BF00281CBF4FF0FF314FF0FF300E
:100A180000F088B9ADF1080C6DE904CE00F006F8D5
:100A2800DDF804E0DDE9022304B070472DE9F04762
:100A3800089D8E4604468846002B4AD18A421746AE
:100A480062D9B2FA82F64EB1C6F1200301FA06F86D
:100A580020FA03F3B74043EA0808B4404FEA174EB8
:100A68001FFA87FCB8FBFEF1230C0EFB118843EA42
:100A7800084301FB0CF29A4209D9FB1801F1FF3037
:100A880080F0EA809A4240F2E78002393B449A1AA1
:100A9800A3B2B2FBFEF00EFB102243EA024300FBB6
:100AA8000CFC9C4509D9FB1800F1FF3280F0D68078
:100AB8009C4540F2D3803B44023840EA0140A3EB16
:100AC8000C0300211DB1F3400022C5E90032BDE846
:100AD800F0878B4205D90DB1C5E900010021084610
:100AE800F5E7B3FA83F1002946D1734502D3824270
:100AF80000F20581841A6EEB030201209046002D56
:100B0800E5D0C5E90048E2E7002A00F09080B2FA93
:100B180082F6002E40F0A4808A1A030C4FEA174E82
:100B280080B2BCB20121B2FBFEFC0EFB1C2243EAE0
:100B3800024304FB0CF29A4207D9FB180CF1FF3868
:100B480002D29A4200F2E080C4469B1AB3FBFEF23E
:100B58000EFB123340EA034302FB04F49C4207D91C
:100B6800FB1802F1FF3002D29C4200F2CA80024612
:100B78001B1B42EA0C40A5E7C1F120068B4022FA74
:100B880006F71F430EFA01F420FA06F32EFA06FEC2
:100B98004FEA1749234300FA01F81FFA87FCBEFB06
:100BA800F9F01C0C09FB10EE44EA0E4400FB0CFEA5
:100BB800A64502FA01F209D93C1900F1FF3A80F082
:100BC8009C80A64540F2998002383C44A4EB0E0470
:100BD8001FFA83FEB4FBF9F309FB13444EEA0444FD
:100BE80003FB0CFCA44508D93C1903F1FF3E80F037
:100BF8008280A4457FD9023B3C4443EA0040A4EBF1
:100C08000C04A0FB02EC64457346E14662D35FD056
:100C18005DB1B8EB030264EB090404FA06F622FAA4
:100C280001F31E43CC40C5E9006400214FE7B1FB46
:100C3800F2FC010C41EA0E4180B240EA01423B4617
:100C480038463C46B846BE462026B1FBF7F1A2EB33
:100C5800080241EA0C4166E7014618E710462CE70E
:100C6800C6F120022EFA02F3B740B14020FA02F290
:100C78004FEA174E0A43B3FBFEF8BCB20EFB18331B
:100C8800110C41EA034108FB04F9B04089454FEAD9
:100C9800104380B23ED9791808F1FF3C01D289454A
:100CA8001FD8A1EB0901B1FBFEF909FB04F80EFB03
:100CB800191192B242EA0142424529D2BA1809F101
:100CC800FF31C4D24245C2D2A9F102013A44BEE77B
:100CD800F0459DD2BEEB02036CEB070C0138E146F0
:100CE80096E7A7EB09094944A8F1020CB1FBFEF904
:100CF80009FB04F8DBE773467FE7504666E70846DA
:100D0800FDE63B44023A33E7ACF1020C3B441CE7F6
:100D180049469CE7A1EB0901C446B1FBFEF909FB72
:100D280004F8C4E7704700BF80B584B000AF87ED12
:100D3800010A0023FB603DE0F868FFF793FB25A359
:100D4800D3E90023FFF7F8FB02460B461046194685
:100D58004FF000021C4BFFF719FD02460B461046E8
:100D68001946FFF7FBFD034600EE103A07F0A4FC16
:100D7800F0EE407AB7EE007A37EE877AF0EE006A46
:100D8800C7EE267AC7ED027AD7ED027A9FED0F7A81
:100D980027EE877AD7ED017A67EE277AFCEEE77AB5
:100DA80017EE903A99B20A4AFB6822F81310FB68CA
:100DB8000133FB60FB68FF2BBEDD00BF00BF1037AF
:100DC800BD4680BDAFF300800000704000F07F4555
:100DD800BC110020182D4454FB21194080B582B065
:100DE80000AF78607B681B68054A934204D14FF4D2
:100DF8008061044800F006FA00BF0837BD4680BD90
:100E080000200140BC01002080B582B002AF00F094
:100E180087FB00F029F800F05FF900F08FF800F088
:100E2800DFF800F02FF906F001FF9FED0A0AFFF73F
:100E38007BFF002300934FF48073074A0021074883
:100E480001F0F6F84FF480620549064800F074FE98
:100E580000BFFDE76666663FBC110020A8010020C0
:100E6800BC0100201801002080B594B000AF07F144
:100E7800200330220021184607F0F2FB07F10C038B
:100E880000221A605A609A60DA601A610023BB6017
:100E9800284B1B6C274A43F080531364254B1B6C6B
:100EA80003F08053BB60BB6800237B60224B1B6848
:100EB800214A43F4804313601F4B1B6803F48043AB
:100EC8007B607B6801233B624FF480337B620223A3
:100ED800BB634FF48003FB6304233B64A8237B6458
:100EE8000223BB640723FB6407F12003184602F0C2
:100EF800EFFE0346002B01D000F05EF90F23FB60E4
:100F080002233B6100237B614FF4A053BB614FF484
:100F18008053FB6107F10C030521184603F050F9D3
:100F28000346002B01D000F047F900BF5037BD46FB
:100F380080BD00BF003802400070004080B584B01A
:100F480000AF3B4600221A605A609A60DA60214B73
:100F5800214A1A601F4B4FF480325A601D4B002201
:100F68009A601C4B00221A611A4B00221A76194B00
:100F7800002283F82020174B0022DA62154B174A0B
:100F88009A62144B0022DA60124B0122DA61114B8B
:100F9800002283F830200F4B01225A610D4800F0DF
:100FA80055FB0346002B01D000F006F900233B60F7
:100FB80001237B600023BB603B461946054800F0CF
:100FC8009DFB0346002B01D000F0F6F800BF103758
:100FD800BD4680BD18010020002001400100000F1F
:100FE80080B584B000AF3B4600221A605A609A6010
:100FF800DA60214B214A1A601F4B4FF480325A6045
:101008001D4B00229A601C4B00221A611A4B0022C9
:101018001A76194B002283F82020174B0022DA6237
:10102800154B174A9A62144B0022DA60124B0122C0
:10103800DA61114B002283F830200F4B01225A61EC
:101048000D4800F003FB0346002B01D000F0B4F874
:1010580001233B6001237B600023BB603B461946AC
:10106800054800F04BFB0346002B01D000F0A4F824
:1010780000BF1037BD4680BD60010020002101403F
:101088000100000F80B582B000AF3B4600221A6015
:101098005A600F4B0F4A1A600D4800F0A6FF03462E
:1010A800002B01D000F088F800233B6000237B6010
:1010B8003B4600221946064801F098F80346002BE3
:1010C80001D000F079F800BF0837BD4680BD00BFE9
:1010D800A80100200074004080B588B000AF07F177
:1010E8000C0300221A605A609A60DA601A610023C1
:1010F800BB602E4B1B6B2D4A43F0800313632B4BB5
:101108001B6B03F08003BB60BB6800237B60274B2D
:101118001B6B264A43F001031363244B1B6B03F03C
:1011280001037B607B6800233B60204B1B6B1F4ADD
:1011380043F0020313631D4B1B6B03F002033B6078
:101148003B68002203211A4801F056FB0323FB6089
:1011580001233B6100237B610023BB6107F10C0382
:101168001946134801F0ACF94FF4C063FB60022341
:101178003B6100237B610323BB610723FB6107F10C
:101188000C0319460B4801F09BF91023FB6003235D
:101198003B6100237B6107F10C031946044801F009
:1011A8008FF900BF2037BD4680BD00BF0038024020
:1011B800000402400000024080B400AF72B600BFD5
:1011C80000BFFDE780B485B000AF78600B467B8038
:1011D8000023FB730023BB8109E0BB897A681344B1
:1011E8001A78FB7B5340FB73BB890133BB81BA89F7
:1011F8007B889A42F1D3FB7B18461437BD465DF8CD
:10120800047B704780B586B000AF78600B467B8062
:101218007B889B00FB82AA233B74BB237B7401233E
:10122800BB74FB8A1B0A9BB21AB2B7F916301B02B1
:101238001BB213431BB29BB2A7F8133007F110037C
:101248000521184606F0B0FDFB8A1946786806F0B5
:10125800ABFDFB8A19467868FFF7B4FF0346FB73BA
:1012680007F10F030121184606F09EFD00BF18374D
:10127800BD4680BD80B483B000AF00237B60104BB7
:101288005B6C0F4A43F4804353640D4B5B6C03F46F
:1012980080437B607B6800233B60094B1B6C084ADA
:1012A80043F080531364064B1B6C03F080533B6080
:1012B8003B6800BF0C37BD465DF8047B704700BF34
:1012C8000038024080B58CB000AF786007F11C038D
:1012D80000221A605A609A60DA601A617B681B689B
:1012E8002E4A934228D10023BB612D4B5B6C2C4ABC
:1012F80043F4807353642A4B5B6C03F48073BB61C3
:10130800BB6900237B61264B1B6B254A43F0010315
:101318001363234B1B6B03F001037B617B69012380
:10132800FB6103233B6200237B6207F11C03194620
:101338001C4801F0C5F82CE07B681B681A4A9342E8
:1013480027D100233B61164B5B6C154A43F40073AD
:101358005364134B5B6C03F400733B613B690023DC
:10136800FB600F4B1B6B0E4A43F0010313630C4BDE
:101378001B6B03F00103FB60FB680223FB61032383
:101388003B6200237B6207F11C031946054801F004
:1013980097F800BF3037BD4680BD00BF0020014030
:1013A80000380240000002400021014080B58AB0A8
:1013B80000AF786007F1140300221A605A609A603F
:1013C800DA601A617B681B68174A934227D10023A9
:1013D8003B61164B1B6C154A43F000531364134BC7
:1013E8001B6C03F000533B613B690023FB600F4B10
:1013F8001B6B0E4A43F0010313630C4B1B6B03F08A
:101408000103FB60FB6810237B610323BB6100239E
:10141800FB6107F114031946054801F051F800BFB4
:101428002837BD4680BD00BF007400400038024028
:101438000000024080B400AF00BFFDE780B400AFF9
:1014480000BFFDE780B400AF00BFFDE780B400AF88
:1014580000BFFDE780B400AF00BFFDE780B400AF78
:1014680000BFBD465DF8047B704780B400AF00BF85
:10147800BD465DF8047B704780B400AF00BFBD4631
:101488005DF8047B704780B500AF00F09BF800BFA3
:1014980080BD000080B500AF024801F00AFB00BF24
:1014A80080BD00BFA028002080B400AF064BD3F851
:1014B8008830054A43F47003C2F8883000BFBD463F
:1014C8005DF8047B704700BF00ED00E0DFF834D022
:1014D800FFF7EAFF0C480D490D4A002302E0D458F3
:1014E800C4500433C4188C42F9D30A4A0A4C002366
:1014F80001E013600432A242FBD307F0B9F8FFF70A
:1015080083FC70470000022000000020FC0000203F
:1015180070950008FC000020A42F0020FEE70000C2
:1015280080B500AF0E4B1B680D4A43F4007313607F
:101538000B4B1B680A4A43F480631360084B1B6813
:10154800074A43F480731360032000F00DFD0F2059
:1015580000F008F8FFF78EFE0023184680BD00BF94
:10156800003C024080B582B000AF7860124B1A6828
:10157800124B1B7819464FF47A73B3FBF1F3B2FBA5
:10158800F3F3184600F025FD0346002B01D0012394
:101598000EE07B680F2B0AD8002279684FF0FF30E5
:1015A80000F0EDFC064A7B681360002300E001238D
:1015B80018460837BD4680BD0000002008000020FE
:1015C8000400002080B400AF064B1B781A46064B77
:1015D8001B681344044A136000BFBD465DF8047BD2
:1015E800704700BF08000020BC13002080B400AF83
:1015F800034B1B681846BD465DF8047B704700BF67
:10160800BC13002080B584B000AF7860FFF7EEFF10
:10161800B8607B68FB60FB68B3F1FF3F05D00A4BFD
:101628001B781A46FB681344FB6000BFFFF7DEFF18
:101638000246BB68D31AFA689A42F7D800BF00BFBF
:101648001037BD4680BD00BF0800002080B584B0BB
:1016580000AF78600023FB737B68002B01D1012366
:1016680033E07B681B6C002B09D17868FFF72AFEF2
:101678007B6800225A647B68002283F83C207B68E0
:101688001B6C03F01003002B18D17B681B6C23F430
:10169800885323F0020343F002027B681A647868D7
:1016A80000F04EF97B6800225A647B681B6C23F0BB
:1016B800030343F001027B681A6401E00123FB7312
:1016C8007B68002283F83C20FB7B18461037BD4618
:1016D80080BD80B483B000AF786000BF0C37BD46D2
:1016E8005DF8047B704780B483B000AF786000BFBA
:1016F8000C37BD465DF8047B7047000080B485B0A8
:1017080000AF786039600023BB607B6893F83C3099
:10171800012B01D1022305E17B68012283F83C20DB
:101728003B681B68092B25D97B681B68D9683B680F
:101738001B689BB21A4613465B0013441E3B0722E4
:1017480002FA03F3DA437B681B680A40DA607B68B5
:101758001B68D9683B689A683B681B689BB2184647
:1017680003465B0003441E3B9A407B681B680A43A0
:10177800DA6022E07B681B6819693B681B689BB2CA
:101788001A4613465B001344072202FA03F3DA43AE
:101798007B681B680A401A617B681B6819693B688B
:1017A8009A683B681B689BB2184603465B00034473
:1017B8009A407B681B680A431A613B685B68062B82
:1017C80024D87B681B68596B3B685A6813469B0092
:1017D8001344053B1F2202FA03F3DA437B681B68B4
:1017E8000A405A637B681B68596B3B681B689BB24D
:1017F80018463B685A6813469B001344053B00FA99
:1018080003F27B681B680A435A634CE03B685B68D9
:101818000C2B24D87B681B68196B3B685A681346E5
:101828009B001344233B1F2202FA03F3DA437B682D
:101838001B680A401A637B681B68196B3B681B6846
:101848009BB218463B685A6813469B001344233BD7
:1018580000FA03F27B681B680A431A6323E07B687B
:101868001B68D96A3B685A6813469B001344413B7E
:101878001F2202FA03F3DA437B681B680A40DA6224
:101888007B681B68D96A3B681B689BB218463B6833
:101898005A6813469B001344413B00FA03F27B68E5
:1018A8001B680A43DA62224BFB607B681B68214A8B
:1018B800934209D13B681B68122B05D1FB685B6812
:1018C80043F48002FB685A607B681B68194A93429C
:1018D80023D13B681B68102B03D03B681B68112B76
:1018E8001BD1FB685B6843F40002FB685A603B68E5
:1018F8001B68102B11D1104B1B68104AA2FB032345
:101908009A0C13469B0013445B00BB6002E0BB6863
:10191800013BBB60BB68002BF9D17B68002283F8D0
:101928003C20002318461437BD465DF8047B7047F9
:1019380000230140002001400000002083DE1B43FB
:1019480080B485B000AF7860794BFB60FB685B685A
:1019580023F44032FB685A60FB685A687B685B680E
:101968001A43FB685A607B681B685A687B681B6867
:1019780022F480725A607B681B6859687B681B690F
:101988001A027B681B680A435A607B681B685A689E
:101998007B681B6822F040725A607B681B68596834
:1019A8007B689A687B681B680A435A607B681B6877
:1019B8009A687B681B6822F400629A607B681B68DF
:1019C80099687B68DA687B681B680A439A607B6859
:1019D8009B6A584A934222D07B681B689A687B6846
:1019E8001B6822F070629A607B681B6899687B6844
:1019F8009A6A7B681B680A439A607B681B689A68C6
:101A08007B681B6822F040529A607B681B68996863
:101A18007B68DA6A7B681B680A439A600FE07B6818
:101A28001B689A687B681B6822F070629A607B6802
:101A38001B689A687B681B6822F040529A607B6832
:101A48001B689A687B681B6822F002029A607B68B0
:101A58001B6899687B681B7E5A007B681B680A4371
:101A68009A607B6893F82030002B1BD07B681B683A
:101A78005A687B681B6842F400625A607B681B687E
:101A88005A687B681B6822F460425A607B681B684E
:101A980059687B685B6A013B5A037B681B680A4389
:101AA8005A6007E07B681B685A687B681B6822F4E9
:101AB80000625A607B681B68DA6A7B681B6822F4DC
:101AC8007002DA627B681B68D96A7B68DB69013B54
:101AD8001A057B681B680A43DA627B681B689A6888
:101AE8007B681B6822F400729A607B681B6899689F
:101AF8007B6893F830305A027B681B680A439A6007
:101B08007B681B689A687B681B6822F480629A600D
:101B18007B681B6899687B685B699A027B681B68AD
:101B28000A439A6000BF1437BD465DF8047B7047CE
:101B3800002301400100000F80B588B000AFF860B5
:101B4800B9607A6000237B610023FB77FB6893F818
:101B58003C30012B01D10223ADE0FB68012283F860
:101B68003C20FB681B689B6803F00103012B18D01D
:101B7800FB681B689A68FB681B6842F001029A6060
:101B88004F4B1B684F4AA2FB03239A0C13465B007A
:101B980013447B6102E07B69013B7B617B69002B1D
:101BA800F9D1FB681B689B6803F00103012B75D111
:101BB800FB681B6C23F4E06323F0010343F4807299
:101BC800FB681A64FB681B685B6803F48063002B7E
:101BD80007D0FB681B6C23F4405343F48052FB6826
:101BE8001A64FB681B6C03F48053B3F5805F06D15D
:101BF800FB685B6C23F00602FB685A6402E0FB6832
:101C080000225A64FB68002283F83C20FB689B6B27
:101C18002D4ADA63FB689B6B2C4A1A64FB689B6B42
:101C28002B4ADA64FB681B686FF002021A60FB68D3
:101C38001B685A68FB681B6842F080625A60254B33
:101C4800BB61FB6893F83030002B06D0BB695B683A
:101C580043F40052BB695A6005E0BB695B6823F432
:101C68000052BB695A60FB68986BBB690833194618
:101C7800BA687B6800F09DFB0346FB77FB681B682E
:101C88009B6803F04053002B14D1FB681B689A68CB
:101C9800FB681B6842F080429A600BE0FB681B6C93
:101CA80043F01002FB681A64FB685B6C43F00102A6
:101CB800FB685A64FB7F18462037BD4680BD00BFCD
:101CC8000000002083DE1B43E11C0008871D00087C
:101CD800A31D00080023014080B584B000AF7860E0
:101CE8007B689B6BFB60FB681B6C03F05003002B4D
:101CF8003CD1FB681B6C43F40072FB681A64FB68F8
:101D08001B689B6803F04053002B2BD1FB681B7E9C
:101D1800002B27D1FB681B68DB6A03F47003002BD8
:101D280006D0FB681B689B6803F48063002B19D1FD
:101D3800FB681B685A68FB681B6822F020025A601F
:101D4800FB681B6C23F48072FB681A64FB681B6CCD
:101D580003F48053002B05D1FB681B6C43F0010290
:101D6800FB681A64F868FFF739F804E0FB689B6BB6
:101D7800DB6C7868984700BF1037BD4680BD80B5DA
:101D880084B000AF78607B689B6BFB60F868FFF7F6
:101D9800A0FC00BF1037BD4680BD80B584B000AF41
:101DA80078607B689B6BFB60FB6840221A64FB6869
:101DB8005B6C43F00402FB685A64F868FFF793FC15
:101DC80000BF1037BD4680BD80B485B000AF7860D5
:101DD8007B6803F00703FB600C4BDB68BB60BA68E9
:101DE8004FF6FF031340BB60FB681A02BB6813433E
:101DF80043F0BF6343F40033BB60044ABB68D3605D
:101E080000BF1437BD465DF8047B704700ED00E065
:101E180080B400AF044BDB681B0A03F007031846C5
:101E2800BD465DF8047B704700ED00E080B483B0E8
:101E380000AF0346FB7197F90730002B0BDBFB79EA
:101E480003F01F02074997F907305B09012000FAE0
:101E580002F241F8232000BF0C37BD465DF8047B31
:101E6800704700BF00E100E080B483B000AF0346D4
:101E78003960FB7197F90730002B0ADB3B68DAB24F
:101E88000C4997F907301201D2B20B4483F80023AA
:101E98000AE03B68DAB20849FB7903F00F03043B18
:101EA8001201D2B20B441A7600BF0C37BD465DF85A
:101EB800047B704700E100E000ED00E080B489B0E9
:101EC80000AFF860B9607A60FB6803F00703FB6154
:101ED800FB69C3F10703042B28BF0423BB61FB691B
:101EE8000433062B02D9FB69033B00E000237B6126
:101EF8004FF0FF32BB6902FA03F3DA43BB681A40BA
:101F08007B699A404FF0FF317B6901FA03F3D943AB
:101F18007B680B40134318462437BD465DF8047BA5
:101F28007047000080B582B000AF78607B68013BE5
:101F3800B3F1807F01D301230FE00A4A7B68013B9C
:101F480053600F214FF0FF30FFF78EFF054B002243
:101F58009A60044B07221A60002318460837BD46CA
:101F680080BD00BF10E000E080B582B000AF7860AF
:101F78007868FFF729FF00BF0837BD4680BD80B5E8
:101F880086B000AF0346B9607A60FB7300237B61BB
:101F9800FFF73EFF78617A68B9687869FFF78EFFC6
:101FA800024697F90F3011461846FFF75DFF00BF4C
:101FB8001837BD4680BD80B582B000AF0346FB71BF
:101FC80097F907301846FFF731FF00BF0837BD46BD
:101FD80080BD80B582B000AF78607868FFF7A2FF57
:101FE800034618460837BD4680BD80B582B000AFAD
:101FF80078607B68002B01D1012314E07B681B7992
:10200800DBB2002B05D17B6800225A717868FFF794
:10201800CDF97B6802221A717B6800221A617B68FD
:1020280001221A71002318460837BD4680BD0000FA
:1020380080B586B000AFF860B9607A603B60FB6835
:10204800002B01D10123A2E0FB685B79012B01D1B0
:1020580002239CE0FB6801225A71FB6802221A7174
:10206800BB68002B29D1FB689B684B4ADA63FB6885
:102078009B684A4A1A64FB689B68494ADA64FB68A9
:102088001B681A68FB681B6842F480521A603B6A36
:10209800002B03D03B6A042B05D009E0FB681B68C2
:1020A80008333B6133E0FB681B680C333B612EE06F
:1020B800FB681B6810333B6129E0FB68DB68394A21
:1020C800DA63FB68DB68384A1A64FB68DB68374AFE
:1020D800DA64FB681B681A68FB681B6842F0805268
:1020E8001A603B6A002B03D03B6A042B05D009E039
:1020F800FB681B6814333B6109E0FB681B681833F5
:102108003B6104E0FB681B681C333B6100BFBB6894
:10211800002B11D1FB681B681A68FB681B6842F426
:1021280000521A60FB68986879683B683A6900F061
:1021380040F90346FB7510E0FB681B681A68FB68EA
:102148001B6842F000521A60FB68D86879683B68DF
:102158003A6900F02EF90346FB75FB6800225A71B4
:10216800FB7D002B0CD1FB681B681968BB6803F06A
:10217800100301229A40FB681B680A431A6005E0B5
:10218800FB681B6943F00402FB681A61FB7D184673
:102198001837BD4680BD00BFA7220008C922000825
:1021A800E52200084F230008712300088D2300084A
:1021B80080B483B000AF786000BF0C37BD465DF8CF
:1021C800047B704780B483B000AF786000BF0C37E1
:1021D800BD465DF8047B704780B483B000AF78607B
:1021E80000BF0C37BD465DF8047B704780B489B0EA
:1021F80000AFF860B9607A600023FB77FB68002BBA
:1022080002D0BB68002B01D1012342E0FB685B7957
:10221800012B01D102233CE0FB6801225A71FB68C3
:1022280002221A71FB681B681B68BB617B6803F09C
:10223800100340F6FE7202FA03F3DB43BA69134057
:10224800BB61BB681A68BB685B6813437B617B68CA
:1022580003F010037A6902FA03F3BA691343BB6106
:10226800FB681B68BA691A60FB681B6819687B6899
:1022780003F01003C02202FA03F3DA43FB681B6879
:102288000A401A60FB6801221A71FB6800225A7121
:10229800FB7F18462437BD465DF8047B704780B540
:1022A80084B000AF78607B689B6BFB60F868FFF7D1
:1022B8007FFFFB6801221A7100BF1037BD4680BD41
:1022C80080B584B000AF78607B689B6BFB60F86872
:1022D800FFF778FF00BF1037BD4680BD80B584B0DA
:1022E80000AF78607B689B6BFB60FB681B6943F001
:1022F8000402FB681A61F868FFF76EFFFB680122A9
:102308001A7100BF1037BD4680BD80B483B000AFDE
:10231800786000BF0C37BD465DF8047B704780B419
:1023280083B000AF786000BF0C37BD465DF8047B12
:10233800704780B483B000AF786000BF0C37BD46EB
:102348005DF8047B704780B584B000AF78607B6827
:102358009B6BFB60F868FFF7D8FFFB6801221A71D6
:1023680000BF1037BD4680BD80B584B000AF78602F
:102378007B689B6BFB60F868FFF7D1FF00BF1037E5
:10238800BD4680BD80B584B000AF78607B689B6B2C
:10239800FB60FB681B6943F00402FB681A61F8687C
:1023A800FFF7C7FFFB6801221A7100BF1037BD464F
:1023B80080BD80B586B000AFF860B9607A603B60D8
:1023C8000023FB75FB689B6D3B61FB6893F8343019
:1023D800012B01D1022340E0FB68012283F834205D
:1023E800FB6893F83530DBB2012B2FD1FB68022252
:1023F80083F83520FB6800225A653B687A68B9681B
:10240800F86800F02EF8FB68DB6D3F229A403B69C4
:102418009A60FB681B681A68FB681B6842F0160222
:102428001A60FB681B6C002B07D0FB681B681A68D6
:10243800FB681B6842F008021A60FB681B681A6890
:10244800FB681B6842F001021A6005E0FB68002285
:1024580083F834200223FB75FB7D18461837BD46E8
:1024680080BD80B485B000AFF860B9607A603B6029
:10247800FB681B681A68FB681B6822F480221A60D4
:10248800FB681B683A685A60FB689B68402B08D158
:10249800FB681B687A689A60FB681B68BA68DA6030
:1024A80007E0FB681B68BA689A60FB681B687A6873
:1024B800DA6000BF1437BD465DF8047B7047000042
:1024C80080B489B000AF7860396000237B61002355
:1024D8003B610023BB610023FB616BE10122FB69C7
:1024E80002FA03F37B613B681B687A6913403B611E
:1024F8003A697B699A4240F05A813B685B6803F00D
:102508000303012B05D03B685B6803F00303022B30
:1025180030D17B689B68BB61FB695B00032202FAD0
:1025280003F3DB43BA691340BB613B68DA68FB69B4
:102538005B0002FA03F3BA691343BB617B68BA69AB
:102548009A607B685B68BB610122FB6902FA03F34E
:10255800DB43BA691340BB613B685B681B0903F046
:102568000102FB6902FA03F3BA691343BB617B6892
:10257800BA695A603B685B6803F00303032B17D002
:102588007B68DB68BB61FB695B00032202FA03F32B
:10259800DB43BA691340BB613B689A68FB695B001F
:1025A80002FA03F3BA691343BB617B68BA69DA605C
:1025B8003B685B6803F00303022B23D1FB69DA084D
:1025C8007B68083253F82230BB61FB6903F00703CC
:1025D8009B000F2202FA03F3DB43BA691340BB6185
:1025E8003B681A69FB6903F007039B0002FA03F3CF
:1025F800BA691343BB61FB69DA087B680832B969B9
:1026080043F822107B681B68BB61FB695B000322EF
:1026180002FA03F3DB43BA691340BB613B685B68AA
:1026280003F00302FB695B0002FA03F3BA69134380
:10263800BB617B68BA691A603B685B6803F4403326
:10264800002B00F0B4800023FB60604B5B6C5F4A9A
:1026580043F4804353645D4B5B6C03F48043FB603D
:10266800FB685B4AFB699B08023352F82330BB6165
:10267800FB6903F003039B000F2202FA03F3DB4319
:10268800BA691340BB617B68524A93422BD07B687E
:10269800514A934225D07B68504A93421FD07B68A9
:1026A8004F4A934219D07B684E4A934213D07B68B5
:1026B8004D4A93420DD07B684C4A934207D07B68C1
:1026C8004B4A934201D107230EE008230CE006236E
:1026D8000AE0052308E0042306E0032304E00223BC
:1026E80002E0012300E00023FA6902F003029200ED
:1026F8009340BA691343BB613549FB699B080233B0
:10270800BA6941F823203B4B9B68BB613B69DB43BB
:10271800BA691340BB613B685B6803F48013002B04
:1027280003D0BA693B691343BB61324ABB69936002
:10273800304BDB68BB613B69DB43BA691340BB6163
:102748003B685B6803F40013002B03D0BA693B694C
:102758001343BB61274ABB69D360264B5B68BB61E7
:102768003B69DB43BA691340BB613B685B6803F4B0
:102778000033002B03D0BA693B691343BB611D4A80
:10278800BB6953601B4B1B68BB613B69DB43BA6980
:102798001340BB613B685B6803F48033002B03D0B4
:1027A800BA693B691343BB61124ABB691360FB6991
:1027B8000133FB61FB690F2B7FF690AE00BF00BFB2
:1027C8002437BD465DF8047B704700BF00380240DF
:1027D80000380140000002400004024000080240A6
:1027E800000C024000100240001402400018024091
:1027F800001C0240003C014080B483B000AF786008
:102808000B467B8013467B707B78002B03D07A883D
:102818007B689A6103E07B881A047B689A6100BF31
:102828000C37BD465DF8047B704780B586B002AFB3
:1028380078607B68002B01D1012301E17B681B686C
:10284800BB607B6893F89534DBB2002B06D17B68BC
:10285800002283F89424786805F0EEFB7B68032255
:1028680083F89524BB68B3F1A04F02D17B6800229E
:102878009A717B681B68184601F0B1FF7B6818687D
:102888007B681A7C8DF8002004330ECB01F090FE93
:102898000346002B05D07B68022283F89524012388
:1028A800CEE07B681B680021184601F0A9FF0346AB
:1028B800002B05D07B68022283F895240123BFE012
:1028C8000023FB734AE0FA7B79681346DB00134464
:1028D8009B000B44153301221A70FA7B7968134662
:1028E800DB0013449B000B441433FA7B1A70FA7B09
:1028F800FB7B98B279681346DB0013449B000B44BA
:102908002E3302461A80FA7B79681346DB0013449B
:102918009B000B44183300221A70FA7B796813461F
:10292800DB0013449B000B441C3300221A60FA7B23
:1029380079681346DB0013449B000B4420330022C4
:102948001A60FA7B79681346DB0013449B000B443A
:10295800243300221A60FB7B0133FB737B681B79ED
:10296800FA7B9A42AFD30023FB7344E0FA7B796881
:102978001346DB0013449B000B4403F2552300224B
:102988001A70FA7B79681346DB0013449B000B44EA
:1029980003F51573FA7B1A70FA7B79681346DB0026
:1029A80013449B000B4403F5167300221A70FA7B3C
:1029B80079681346DB0013449B000B4403F5177337
:1029C80000221A60FA7B79681346DB0013449B00E7
:1029D8000B4403F5187300221A60FA7B79681346D2
:1029E800DB0013449B000B4403F5197300221A60A3
:1029F800FB7B0133FB737B681B79FA7B9A42B5D367
:102A08007B6818687B681A7C8DF8002004330ECB2D
:102A180001F042FF0346002B05D07B68022283F8B1
:102A2800952401230CE07B6800225A747B680122FC
:102A380083F895247B681B68184602F08CFF0023F6
:102A480018461037BD4680BD80B584B000AF7860A9
:102A58007B681B68FB607B6893F89434012B01D179
:102A6800022322E07B68012283F89424FB68DB6858
:102A780003F04003002B09D07B685B7B012B05D159
:102A8800FB689B6B43F48032FB689A637B681B6826
:102A9800184601F093FE7B681B68184602F03AFF5F
:102AA8007B68002283F89424002318461037BD461B
:102AB80080BD90B58DB000AF78607B681B683B62C5
:102AC8003B6AFB617B681B68184602F0F8FF034607
:102AD800002B40F08C847B681B68184602F05CFF72
:102AE8000346002B00F08284FB6903F500639B68B2
:102AF8001B0AC3F30D027B68C3F8D4247B681B68E8
:102B0800184602F049FF034603F00203022B07D1DF
:102B18007B681B685A697B681B6802F002025A616D
:102B28007B681B68184602F037FF034603F0100362
:102B3800102B61D17B681B689A697B681B6822F03F
:102B480010029A613B6A1B6ABB61BB6903F00F0202
:102B58001346DB0013449B0003F514737A6813448F
:102B680004337B61BB6903F4F013B3F5802F24D1E0
:102B7800BA6947F6F0731340002B35D07B69D968E2
:102B8800BB691B099BB2C3F30A039BB21A46386A96
:102B980002F06EFD7B69DA68BB691B09C3F30A039F
:102BA8001A447B69DA607B695A69BB691B09C3F3FC
:102BB8000A031A447B695A6116E0BB6903F4F013EF
:102BC800B3F5402F10D17B6803F29C4308221946C5
:102BD800386A02F04DFD7B695A69BB691B09C3F36A
:102BE8000A031A447B695A617B681B689A697B6887
:102BF8001B6842F010029A617B681B68184602F055
:102C0800CBFE034603F40023B3F5002F40F0A78062
:102C180000237B627B681B68184602F0D0FEB8620E
:102C280099E0BB6A03F00103002B00F08E807B68FB
:102C38001B687A6AD2B21146184602F0F4FE38616F
:102C48003B6903F00103002B0CD07B6A5A01FB6936
:102C5800134403F530631A4601239360796A786850
:102C680000F0A4FE3B6903F00803002B0CD07B6A3C
:102C78005A01FB69134403F530631A46082393602D
:102C8800796A786800F07AFF3B6903F01003002B3B
:102C980008D07B6A5A01FB69134403F530631A466E
:102CA800102393603B6903F00203002B30D03B6A8A
:102CB8005B6903F08003802B09D1FB6903F500638E
:102CC8005B68FA6902F5006243F4806353607A6ACC
:102CD8001346DB0013449B0003F514737A6813440E
:102CE80004337B617B69DB78012B08D17B69002287
:102CF800DA707B6ADBB21946786805F0A3FA7B6A5A
:102D08005A01FB69134403F530631A4602239360A2
:102D18003B6903F02003002B08D07B6A5A01FB694A
:102D2800134403F530631A46202393603B6903F488
:102D38000053002B09D07B6A5A01FB69134403F541
:102D480030631A464FF4005393607B6A01337B6209
:102D5800BB6A5B08BB62BB6A002B7FF462AF7B680F
:102D68001B68184602F018FE034603F48023B3F5E7
:102D7800802F40F0DB807B681B68184602F039FE24
:102D8800B86200237B62CDE0BB6A03F00103002B2D
:102D980000F0C2807B681B687A6AD2B21146184676
:102DA80002F05FFE38613B6903F00103002B57D046
:102DB8007B6A03F00F03012202FA03F3FB60FB694D
:102DC80003F500635A6BFB68DB43F96901F50061A1
:102DD80013404B637B6A5A01FB69134403F5106384
:102DE8001A46012393607B689B79012B32D179685D
:102DF8007A6A1346DB0013449B000B44203319689E
:102E080078687A6A1346DB0013449B0003441C333A
:102E18001B68194478687A6A1346DB0013449B00E0
:102E28000344203319607B6A002B13D179687A6ACE
:102E38001346DB0013449B000B4424331B68002B10
:102E480008D17B6818687B6803F29C431A46012105
:102E580002F066FE7B6ADBB21946786805F06DF908
:102E68003B6903F00803002B08D07B6A5A01FB6911
:102E7800134403F510631A46082393603B6903F073
:102E88001003002B08D07B6A5A01FB69134403F531
:102E980010631A46102393603B6903F04003002B2C
:102EA80008D07B6A5A01FB69134403F510631A467C
:102EB800402393603B6903F00203002B23D0796A17
:102EC800386A01F04DFE7A6A1346DB0013449B0012
:102ED80010337A68134404337B617B69DB78012BF8
:102EE80008D17B690022DA707B6ADBB21946786800
:102EF80005F0BAF97B6A5A01FB69134403F51063BC
:102F08001A46022393603B6903F08003002B03D029
:102F1800796A786800F0BDFC7B6A01337B62BB6A22
:102F28005B08BB62BB6A002B7FF42EAF7B681B6813
:102F3800184602F031FD034603F00043B3F1004F99
:102F480022D1FB6903F500635B68FA6902F5006248
:102F580023F0010353607B6893F8CC34012B08D12C
:102F68007B68002283F8CC240021786800F0A4FE56
:102F780002E0786805F058F97B681B685A697B6835
:102F88001B6802F000425A617B681B68184602F011
:102F980003FD034603F40063B3F5006F12D1FB6928
:102FA80003F500639B6803F00103012B02D17868E5
:102FB80005F014F97B681B685A697B681B6802F482
:102FC80000625A617B681B68184602F0E5FC0346FC
:102FD80003F48053B3F5805F40F0B780FB6903F5D5
:102FE80000635B68FA6902F5006223F0010353602D
:102FF8007B681B681021184601F0B2FD0023FB62B4
:1030080046E0FB6A5A01FB69134403F510631A464C
:103018004FF67F339360FB6A5A01FB69134403F54B
:1030280010631B68FA6A5101FA690A4402F51062D2
:1030380023F400131360FB6A5A01FB69134403F578
:1030480030631A464FF67F339360FB6A5A01FB6977
:10305800134403F530631B68FA6A5101FA690A449C
:1030680002F5306223F400131360FB6A5A01FB690E
:10307800134403F530631B68FA6A5101FA690A447C
:1030880002F5306243F000631360FB6A0133FB62B0
:103098007B681B791A46FB6A9342B2D3FB6903F536
:1030A8000063DB69FA6902F5006243F00113D3613A
:1030B8007B68DB7B002B16D0FB6903F50063D3F834
:1030C8008430FA6902F5006243F00B03C2F88430D9
:1030D800FB6903F500635B6CFA6902F5006243F073
:1030E8000B03536415E0FB6903F500635B69FA6938
:1030F80002F5006243F4005343F02B035361FB696C
:1031080003F500631B69FA6902F5006243F00B03DB
:103118001361FB6903F500631B68FA6902F5006235
:1031280023F4FE6313607B6818687B6899797B6871
:1031380003F29C431A4602F0F3FC7B681B685A6949
:103148007B681B6802F480525A617B681B681846CA
:1031580002F022FC034603F40053B3F5005F23D1C9
:103168007B681B68184602F0B8FC7B681B68184629
:1031780001F06FFD03461A467B68DA717B681C68AC
:1031880001F00AFA01467B68DB791A46204601F00D
:1031980073FA786804F0F9FF7B681B685A697B68E2
:1031A8001B6802F400525A617B681B68184602F0DB
:1031B800F3FB034603F00803082B0AD1786804F0F0
:1031C800D6FF7B681B685A697B681B6802F0080297
:1031D8005A617B681B68184602F0DEFB034603F061
:1031E8008003802B23D13B6A9B6923F080023B6AD2
:1031F8009A6101237B6214E079687A6A1346DB00DE
:1032080013449B000B4403F257231B78012B05D171
:103218007B6ADBB21946786800F00AFB7B6A0133E7
:103228007B627B681B791A467B6A9342E4D37B688E
:103238001B68184602F0B0FB034603F48013B3F58D
:10324800801F3CD101237B622BE07B6A5A01FB691A
:10325800134403F510631B68BB6179687A6A1346E7
:10326800DB0013449B000B4418331B78012B15D14A
:10327800BB69002B12DA79687A6A1346DB001344BB
:103288009B000B44173301221A707B6ADBB263F090
:103298007F03DBB21946786800F0CAFA7B6A01330B
:1032A8007B627B681B791A467B6A9342CDD37B6825
:1032B8001B685A697B681B6802F480125A617B6834
:1032C8001B68184602F068FB034603F40013B3F5C5
:1032D800001F56D101237B6245E07B6A5A01FB69D6
:1032E800134403F530631B68BB6179687A6A134637
:1032F800DB0013449B000B4403F516731B78012B6A
:103308002ED1BB69002B2BDABB691A0C7B68D3F86A
:10331800D434534003F00103002B21D179687A6A31
:103328001346DB0013449B000B4403F2572301228E
:103338001A703B6A9B6943F080023B6A9A613B6A58
:103348005B6903F08003002B0AD1FB6903F5006376
:103358005B68FA6902F5006243F40073536008E0A1
:103368007B6A01337B627B681B791A467B6A9342CE
:10337800B3D37B681B685A697B681B6802F4001228
:103388005A617B681B68184602F006FB034603F087
:103398008043B3F1804F0AD1786804F077FF7B68E7
:1033A8001B685A697B681B6802F080425A617B6817
:1033B8001B68184602F0F0FA034603F00403042BD6
:1033C80015D17B681B685B68BB61BB6903F00403AC
:1033D800002B02D0786804F067FF7B681B68596887
:1033E8007B681B68BA690A435A6000E000BF34373B
:1033F800BD4690BD80B582B000AF78600B46FB70CB
:103408007B6893F89434012B01D1022312E07B6886
:10341800012283F894247B68FA785A747B681B68C5
:10342800FA781146184602F04FFA7B68002283F8B2
:103438009424002318460837BD4680BD80B584B063
:1034480000AF7860084611461A460346FB700B46E3
:103458003B801346BB700023FB7297F90330002BA7
:103468000FDAFB7803F00F021346DB0013449B00CE
:1034780010337A6813440433FB60FB6801225A70E6
:103488000FE0FB7803F00F021346DB0013449B00A8
:1034980003F514737A6813440433FB60FB68002255
:1034A8005A70FB7803F00F03DAB2FB681A703B8896
:1034B800C3F30A02FB689A60FB68BA781A71FB6862
:1034C8005B78002B04D0FB681B781A46FB685A838C
:1034D800BB78022B02D1FB6800225A717B6893F8F3
:1034E8009434012B01D102230EE07B68012283F87A
:1034F80094247B681B68F968184601F0CFFB7B6849
:10350800002283F89424FB7A18461037BD4680BD04
:1035180080B584B000AF78600B46FB7097F9033034
:10352800002B0FDAFB7803F00F021346DB0013447D
:103538009B0010337A6813440433FB60FB68012254
:103548005A700FE0FB7803F00F021346DB001344B8
:103558009B0003F514737A6813440433FB60FB681B
:1035680000225A70FB7803F00F03DAB2FB681A7076
:103578007B6893F89434012B01D102230EE07B6819
:10358800012283F894247B681B68F968184601F0C7
:103598000DFC7B68002283F894240023184610371A
:1035A800BD4680BD80B586B000AFF8607A603B60EC
:1035B8000B46FB72FB7A03F00F021346DB00134441
:1035C8009B0003F51473FA68134404337B617B6929
:1035D8007A68DA607B693A681A617B6900225A6105
:1035E8007B6900225A70FB7A03F00F03DAB27B6919
:1035F8001A70FB689B79012B02D17A687B69DA61C2
:10360800FB681868FB689B791A46796901F0AAFC7F
:10361800002318461837BD4680BD80B483B000AF7C
:1036280078600B46FB70FB7803F00F02796813464D
:10363800DB0013449B000B4403F51A731B68184600
:103648000C37BD465DF8047B704780B586B000AF87
:10365800F8607A603B600B46FB72FB7A03F00F025E
:103668001346DB0013449B001033FA6813440433F9
:103678007B617B697A68DA607B693A681A617B6981
:1036880000225A617B6901225A70FB7A03F00F030A
:10369800DAB27B691A70FB689B79012B02D17A68D0
:1036A8007B69DA61FB681868FB689B791A46796957
:1036B80001F058FC002318461837BD4680BD80B578
:1036C80084B000AF78600B46FB70FB7803F00F0303
:1036D8007A681279934201D901234FE097F90330B0
:1036E800002B0FDAFB7803F00F021346DB001344BC
:1036F8009B0010337A6813440433FB60FB68012293
:103708005A700DE0FA781346DB0013449B0003F56A
:1037180014737A6813440433FB60FB6800225A7000
:10372800FB6801229A70FB7803F00F03DAB2FB689A
:103738001A707B6893F89434012B01D102231DE0A1
:103748007B68012283F894247B681B68F968184613
:1037580001F0E6FFFB7803F00F03002B09D17B682B
:1037680018687B6899797B6803F29C431A4602F0D3
:10377800D7F97B68002283F8942400231846103771
:10378800BD4680BD80B584B000AF78600B46FB7045
:10379800FB7803F00F037A681279934201D9012369
:1037A80042E097F90330002B0FDAFB7803F00F02A1
:1037B8001346DB0013449B0010337A681344043328
:1037C800FB60FB6801225A700FE0FB7803F00F02E0
:1037D8001346DB0013449B0003F514737A68134403
:1037E8000433FB60FB6800225A70FB6800229A7061
:1037F800FB7803F00F03DAB2FB681A707B6893F862
:103808009434012B01D102230EE07B68012283F856
:1038180094247B681B68F968184601F0EFFF7B6801
:10382800002283F89424002318461037BD4680BD33
:1038380080B584B000AF78600B46FB7097F9033011
:10384800002B0CDAFB7803F00F021346DB0013445D
:103858009B0010337A6813440433FB600CE0FB7858
:1038680003F00F021346DB0013449B0003F51473A7
:103878007A6813440433FB607B681B68F968184650
:1038880001F00EFE0346FB72FB7A18461037BD4660
:1038980080BD80B58AB002AF786039607B681B68EC
:1038A8007B617B693B613A681346DB0013449B00EC
:1038B80010337A6813440433FB60FB685A69FB6869
:1038C8001B699A4201D901236BE0FB681A69FB68FE
:1038D8005B69D31AFB61FB689B68FA699A4202D953
:1038E800FB689B68FB61FB6903339B08BB612AE0AB
:1038F800FB681A69FB685B69D31AFB61FB689B6804
:10390800FA699A4202D9FB689B68FB61FB69033339
:103918009B08BB61FB68D9683B68DAB2FB6998B25F
:103928007B689B7900930346786901F063FEFB6826
:10393800DA68FB691A44FB68DA60FB685A69FB6954
:103948001A44FB685A613B685A013B69134403F502
:1039580010639B699BB2BA699A4209D8FB685A6995
:10396800FB681B699A4203D2FB681B69002BBFD115
:10397800FB681A69FB685B699A4211D83B6803F0D7
:103988000F03012202FA03F3BB603B6903F50063EE
:103998005A6BBB68DB43396901F5006113404B631F
:1039A800002318462037BD4680BD000080B588B08A
:1039B80000AF786039607B681B68FB61FB69BB619D
:1039C800FB693C3304331B687B613B685A01BB6964
:1039D800134403F530639B683B617B689B79012B3B
:1039E8007BD13B6903F00803002B15D07B69614A42
:1039F800934240F2B9803B6903F40043002B00F086
:103A0800B3803B685A01BB69134403F530631A4617
:103A18004FF400439360A7E03B6903F02003002BB9
:103A280009D03B685A01BB69134403F530631A4651
:103A38002023936098E03B6903F02803002B40F0B3
:103A480093807B694B4A93420FD93B6903F4004347
:103A5800002B0AD03B685A01BB69134403F5306355
:103A68001A464FF4004393607EE03A681346DB0041
:103A780013449B0003F514737A6813440433FB6002
:103A8800FB681A6A3B685901BB690B4403F530634C
:103A98001B69C3F31203D21AFB685A613B68002BF7
:103AA80014D1FB681B69002B09D17B6818687B68F7
:103AB80003F29C431A46012102F032F806E0FB6843
:103AC800DA68FB685B691A44FB68DA603B68DBB25A
:103AD8001946786804F016FB46E07B69264A93424B
:103AE80024D13B6903F40043002B0AD03B685A01F8
:103AF800BB69134403F530631A464FF400439360DF
:103B080032E03B6903F02003002B08D03B685A01E0
:103B1800BB69134403F530631A46202393603B685E
:103B2800DBB21946786804F0EDFA1DE03B68002B1B
:103B380014D179683A681346DB0013449B000B44A0
:103B480003F519731B68002B08D17B6818687B681C
:103B580003F29C431A46002101F0E2FF3B68DBB206
:103B68001946786804F0CEFA002318462037BD4677
:103B780080BD00BF0A30544F0A31544F80B586B01B
:103B880000AF786039607B681B687B617B693B614B
:103B98007B693C3304331B68FB603B685A013B6913
:103BA800134403F530639B68BB60FB68154A934276
:103BB8000ED9BB6803F40043002B09D03B685A01B7
:103BC8003B69134403F530631A464FF4004393608E
:103BD800786804F085FAFB680A4A93420CD97B6836
:103BE8009B79012B08D17B6818687B6803F29C439A
:103BF8001A46012101F094FF002318461837BD46E4
:103C080080BD00BF0A30544F80B485B000AF7860E3
:103C18000B46FB7013463B807B681B685B6ABB6086
:103C2800FB78002B07D13B8819047B681B68BA68AE
:103C38000A439A6228E07B681B689B6A1B0CBA6877
:103C48001344BB600023FB730DE07B681A68FB7BA1
:103C580040339B0013445B681B0CBA681344BB6079
:103C6800FB7B0133FB73FA7BFB78013B9A42ECD375
:103C78003B8818047B681968FB78013BBA680243E3
:103C880040339B000B445A60002318461437BD4646
:103C98005DF8047B704780B483B000AF78600B4652
:103CA8007B807B681B687A885A62002318460C3729
:103CB800BD465DF8047B704780B483B000AF786080
:103CC8000B46FB7000BF0C37BD465DF8047B7047A0
:103CD80080B586B000AF78607B68002B01D10123E6
:103CE80067E27B681B6803F00103002B75D0884BE3
:103CF8009B6803F00C03042B0CD0854B9B6803F0E6
:103D08000C03082B12D1824B5B6803F48003B3F5D4
:103D1800800F0BD17E4B1B6803F40033002B5BD064
:103D28007B685B68002B57D1012342E27B685B68A4
:103D3800B3F5803F06D1764B1B68754A43F4803350
:103D480013601DE07B685B68B3F5A02F0CD1704B46
:103D58001B686F4A43F4802313606D4B1B686C4AE1
:103D680043F4803313600BE0694B1B68684A23F403
:103D780080331360664B1B68654A23F48023136005
:103D88007B685B68002B13D0FDF730FC386108E0D6
:103D9800FDF72CFC02463B69D31A642B01D9032397
:103DA80007E25B4B1B6803F40033002BF0D014E0F0
:103DB800FDF71CFC386108E0FDF718FC02463B697A
:103DC800D31A642B01D90323F3E1514B1B6803F485
:103DD8000033002BF0D100E000BF7B681B6803F0C4
:103DE8000203002B63D04A4B9B6803F00C03002BA3
:103DF8000BD0474B9B6803F00C03082B1CD1444B9A
:103E08005B6803F48003002B16D1414B1B6803F059
:103E18000203002B05D07B68DB68012B01D001234E
:103E2800C7E13B4B1B6823F0F8027B681B69DB008A
:103E3800374913430B603AE07B68DB68002B20D0DE
:103E4800344B01221A60FDF7D1FB386108E0FDF719
:103E5800CDFB02463B69D31A022B01D90323A8E103
:103E68002B4B1B6803F00203002BF0D0284B1B6878
:103E780023F0F8027B681B69DB00254913430B60BC
:103E880015E0244B00221A60FDF7B0FB386108E00A
:103E9800FDF7ACFB02463B69D31A022B01D9032379
:103EA80087E11B4B1B6803F00203002BF0D17B68F2
:103EB8001B6803F00803002B36D07B685B69002B76
:103EC80016D0154B01221A60FDF790FB386108E007
:103ED800FDF78CFB02463B69D31A022B01D9032359
:103EE80067E10B4B5B6F03F00203002BF0D01BE084
:103EF800094B00221A60FDF779FB38610EE0FDF7E7
:103F080075FB02463B69D31A022B07D9032350E1FC
:103F18000038024000004742800E4742884B5B6FE2
:103F280003F00203002BEAD17B681B6803F004034B
:103F3800002B00F097800023FB75814B1B6C03F06E
:103F48008053002B0FD10023BB607D4B1B6C7C4A38
:103F580043F0805313647A4B1B6C03F08053BB60AF
:103F6800BB680123FB75774B1B6803F48073002B38
:103F780018D1744B1B68734A43F480731360FDF7C0
:103F880035FB386108E0FDF731FB02463B69D31A7F
:103F9800022B01D903230CE16A4B1B6803F48073DD
:103FA800002BF0D07B689B68012B06D1644B1B6FFC
:103FB800634A43F0010313671CE07B689B68052B89
:103FC8000CD15F4B1B6F5E4A43F0040313675C4BD5
:103FD8001B6F5B4A43F0010313670BE0584B1B6FE1
:103FE800574A23F001031367554B1B6F544A23F0BC
:103FF800040313677B689B68002B15D0FDF7F6FA5E
:1040080038610AE0FDF7F2FA02463B69D31A41F239
:104018008832934201D90323CBE0494B1B6F03F04D
:104028000203002BEED014E0FDF7E0FA38610AE055
:10403800FDF7DCFA02463B69D31A41F28832934213
:1040480001D90323B5E03E4B1B6F03F00203002B9D
:10405800EED1FB7D012B05D1394B1B6C384A23F07F
:10406800805313647B689B69002B00F0A180344B5C
:104078009B6803F00C03082B5CD07B689B69022BC0
:1040880041D1314B00221A60FDF7B0FA386108E0DF
:10409800FDF7ACFA02463B69D31A022B01D9032378
:1040A80087E0274B1B6803F00073002BF0D17B6877
:1040B800DA697B681B6A1A437B685B6A9B011A434F
:1040C8007B689B6A5B08013B1B041A437B68DB6ABD
:1040D8001B061B4913434B601B4B01221A60FDF75B
:1040E80085FA386108E0FDF781FA02463B69D31A80
:1040F800022B01D903235CE0114B1B6803F000730A
:10410800002BF0D054E0104B00221A60FDF76EFA35
:10411800386108E0FDF76AFA02463B69D31A022BB8
:1041280001D9032345E0064B1B6803F00073002BFD
:10413800F0D13DE07B689B69012B07D1012338E072
:104148000038024000700040600047421B4B5B682B
:10415800FB607B689B69012B28D0FB6803F4800215
:104168007B68DB699A4221D1FB6803F03F027B68D8
:104178001B6A9A421AD1FA6847F6C07313407A68E4
:10418800526A9201934211D1FB6803F440327B6872
:104198009B6A5B08013B1B049A4207D1FB6803F04A
:1041A80070627B68DB6A1B069A4201D0012300E03B
:1041B800002318461837BD4680BD00BF00380240AE
:1041C80080B584B000AF786039607B68002B01D17E
:1041D8000123CCE0684B1B6803F007033A689A4256
:1041E8000CD9654B3A68D2B21A70634B1B6803F05E
:1041F80007033A689A4201D00123B8E07B681B683C
:1042080003F00203002B20D07B681B6803F0040333
:10421800002B05D0594B9B68584A43F4E0539360F0
:104228007B681B6803F00803002B05D0534B9B6881
:10423800524A43F460439360504B9B6823F0F0026A
:104248007B689B684D4913438B607B681B6803F050
:104258000103002B44D07B685B68012B07D1474BD7
:104268001B6803F40033002B19D101237FE07B681E
:104278005B68022B03D07B685B68032B07D13F4B3D
:104288001B6803F00073002B09D101236FE03B4B3F
:104298001B6803F00203002B01D1012367E0374BB1
:1042A8009B6823F003027B685B68344913438B6087
:1042B800FDF79CF9F8600AE0FDF798F90246FB68FB
:1042C800D31A41F28832934201D903234FE02B4B92
:1042D8009B6803F00C027B685B689B009A42EBD1F9
:1042E800254B1B6803F007033A689A420CD2224B0D
:1042F8003A68D2B21A70204B1B6803F007033A6879
:104308009A4201D0012332E07B681B6803F0040362
:10431800002B08D0194B9B6823F4E0527B68DB68BC
:10432800164913438B607B681B6803F00803002B56
:1043380009D0124B9B6823F460427B681B69DB0041
:104348000E4913438B6000F021F802460B4B9B6823
:104358001B0903F00F030A49CB5C22FA03F3094A4D
:104368001360094B1B681846FDF7FCF80023184634
:104378001037BD4680BD00BF003C024000380240F7
:104388008091000800000020040000202DE9B04FB3
:1043980094B000AF00237B640023FB6400233B64DC
:1043A8000023BB64794B9B6803F00C03082B0DD0EA
:1043B800082B00F2E180002B02D0042B03D0DBE0B5
:1043C800734BBB64DBE0734BBB64D8E06F4B5B683B
:1043D80003F03F037B646D4B5B6803F48003002BA1
:1043E80063D06A4B5B689B090022BB63FA63BB6BB3
:1043F800C3F308033B6300237B63D7E90C452246DC
:104408002B464FF000004FF00001590141EAD261FC
:10441800500102460B462146511A3961294663EB81
:1044280001037B614FF000024FF00003D7E904ABB2
:1044380059468B01514643EA916351468A015146D8
:10444800B2EB0108594663EB01094FF000024FF047
:1044580000034FEAC90343EA58734FEAC80290467B
:104468009946234618EB0303BB602B4649EB03032D
:10447800FB604FF000024FF00003D7E902452946E0
:104488004B02214643EAD15321464A0210461946B7
:104498007B6C0022BB62FA62D7E90A23FCF7AEFA0A
:1044A80002460B461346FB6458E0384B5B689B0991
:1044B800002218461146C0F308033B6200237B62C2
:1044C800D7E9088942464B464FF000004FF00001FB
:1044D800590141EAD261500102460B464146B2EB0E
:1044E800010A494663EB010B4FF000024FF000034D
:1044F8004FEA8B1343EA9A634FEA8A12B2EB0A0433
:1045080063EB0B054FF000024FF00003EB0043EAAA
:104518005473E20014461D464346E3183B604B467D
:1045280045EB03037B604FF000024FF00003D7E92F
:10453800004529468B02214643EA915321468A02C7
:10454800104619467B6C0022BB61FA61D7E9062345
:10455800FCF754FA02460B461346FB640B4B5B68A8
:104568001B0C03F0030301335B003B64FA6C3B6CE8
:10457800B2FBF3F3BB6402E0054BBB6400BFBB6C4A
:1045880018465037BD46BDE8B08F00BF003802401E
:104598000024F40000127A0080B400AF034B1B68BB
:1045A8001846BD465DF8047B704700BF0000002038
:1045B80084B080B584B000AF786007F11C0080E853
:1045C8000E0097F82130012B23D17B689B6B23F4D5
:1045D80080327B689A637B68DB6823F4840323F06A
:1045E80040037A68D3607B68DB6823F440127B68F9
:1045F800DA6097F82830012B05D17B68DB6843F433
:1046080080127B68DA60786801F0E8FA0346FB7389
:104618001BE07B68DB6843F040027B68DA607868FF
:1046280001F0DCFA0346FB7397F82530002B06D11E
:104638007B689B6B43F480327B689A6305E07B68F8
:104648009B6B23F480327B689A63BB7F012B0BD171
:104658007B689B6843F006027B689A607B689B686E
:1046680043F020027B689A60FB7B18461037BD46F2
:10467800BDE8804004B0704780B487B000AFF860F0
:10468800B9601346FB71FB79022B65D1BB68414ABF
:10469800934206D9BB68404A934202D20F237B61FA
:1046A80062E0BB683C4A934206D3BB683B4A9342EC
:1046B80002D20E237B6157E0BB68384A934206D387
:1046C800BB68374A934202D20D237B614CE0BB683A
:1046D800334A934206D3BB68324A934202D80C232A
:1046E8007B6141E0BB682F4A934206D9BB682E4ADA
:1046F800934202D80B237B6136E0BB682A4A934277
:1047080006D9BB68294A934202D80A237B612BE069
:10471800BB68264A934206D9BB68254A934202D20F
:1047280009237B6120E0BB68214A934206D3BB681A
:10473800204A934202D808237B6115E0BB681D4AD2
:10474800934206D9BB681C4A934202D207237B6175
:104758000AE006237B6107E0FB79002B02D10923DD
:104768007B6101E009237B61FB68DB6823F47052FD
:10477800FB68DA60FB68DA687B699B0203F47053B4
:104788001A43FB68DA60002318461C37BD465DF8FB
:10479800047B7047BFACD800C0E1E4000024F400FB
:1047A800807306019F491A01FF2C31013FA44C0177
:1047B80000366E011FABA6010048E80180B483B043
:1047C80000AF78607B689B6843F001027B689A6061
:1047D800002318460C37BD465DF8047B704780B44B
:1047E80083B000AF78607B689B6823F001027B6828
:1047F8009A60002318460C37BD465DF8047B704765
:1048080080B584B000AF78600B46FB700023FB6076
:104818007B68DB6823F0C0427B68DA60FB78012B99
:1048280015D17B68DB6843F000527B68DA600A20A8
:10483800FCF7E8FEFB680A33FB60786801F03FF993
:104848000346012B1ED0FB68C72BF0D91AE0FB7872
:10485800002B15D17B68DB6843F080427B68DA6007
:104868000A20FCF7CFFEFB680A33FB60786801F08A
:1048780026F90346002B05D0FB68C72BF0D901E0C9
:10488800012305E0FB68C82B01D1012300E00023C8
:1048980018461037BD4680BD84B080B586B000AFDD
:1048A800786007F1240080E80E000023FB757B6820
:1048B800FB6000233B6109E07A683B6940339B0059
:1048C800134400225A603B6901333B613B690E2B5C
:1048D800F2D997F82E30002B1CD1FB6803F5006342
:1048E8005B68FA6802F5006243F0020353607B6874
:1048F8009B6B43F400127B689A637B689B6B23F481
:1049080000227B689A637B689B6B23F480227B6818
:104918009A630BE07B689B6B23F400127B689A63B5
:104928007B689B6B43F400227B689A63FB6803F502
:1049380060631A460023136097F82930012B0DD1C4
:1049480097F82730002B04D10021786800F068F927
:1049580008E00121786800F063F903E00321786832
:1049680000F05EF91021786800F0FAF80346002B91
:1049780001D00123FB75786800F024F90346002B69
:1049880001D00123FB75FB6803F500631A46002379
:104998001361FB6803F500631A4600235361FB6843
:1049A80003F500631A460023D36100233B6143E00B
:1049B8003B695A01FB68134403F510631B6803F055
:1049C8000043B3F1004F18D13B69002B0AD13B6972
:1049D8005A01FB68134403F510631A464FF000634D
:1049E800136013E03B695A01FB68134403F5106335
:1049F8001A464FF09043136008E03B695A01FB6880
:104A0800134403F510631A46002313603B695A01E7
:104A1800FB68134403F510631A46002313613B69CE
:104A28005A01FB68134403F510631A464FF67F33A7
:104A380093603B6901333B6197F824301A463B6920
:104A48009342B5D300233B6143E03B695A01FB68BD
:104A5800134403F530631B6803F00043B3F1004FC0
:104A680018D13B69002B0AD13B695A01FB681344F2
:104A780003F530631A464FF00063136013E03B6997
:104A88005A01FB68134403F530631A464FF090430C
:104A9800136008E03B695A01FB68134403F530636F
:104AA8001A46002313603B695A01FB68134403F557
:104AB80030631A46002313613B695A01FB681344AB
:104AC80003F530631A464FF67F3393603B69013331
:104AD8003B6197F824301A463B699342B5D3FB688B
:104AE80003F500631B69FA6802F5006223F480731A
:104AF80013617B6800229A617B686FF080425A617B
:104B080097F82630002B05D17B689B6943F010028B
:104B18007B689A617B689A69104B13437A68936142
:104B280097F82A30002B05D07B689B6943F0080270
:104B38007B689A6197F82E30012B07D17B689B69B7
:104B480043F0804343F004037A689361FB7D184681
:104B58001837BD46BDE8804004B0704700383C8037
:104B680080B485B000AF786039600023FB60FB68D3
:104B78000133FB60FB68B3F1706F01D903231BE0BD
:104B88007B681B69002BF2DA0023FB603B689B0102
:104B980043F020027B681A61FB680133FB60FB6805
:104BA800B3F1706F01D9032306E07B681B6903F03A
:104BB8002003202BF0D0002318461437BD465DF89B
:104BC800047B704780B485B000AF78600023FB6039
:104BD800FB680133FB60FB68B3F1706F01D90323F5
:104BE80018E07B681B69002BF2DA0023FB607B6806
:104BF80010221A61FB680133FB60FB68B3F1706F28
:104C080001D9032306E07B681B6903F01003102B0E
:104C1800F0D0002318461437BD465DF8047B704772
:104C280080B485B000AF78600B46FB707B68FB6092
:104C3800FB6803F500631A68FB78F96801F5006101
:104C480013430B60002318461437BD465DF8047BF8
:104C5800704780B487B000AF78607B683B613B6980
:104C680003F500639B6803F00603FB60FB68002BF9
:104C780002D10023FB750AE0FB68022B02D0FB6817
:104C8800062B02D10223FB7501E00F23FB75FB7D88
:104C980018461C37BD465DF8047B704780B485B064
:104CA80000AF786039607B68FB603B681B78BB604D
:104CB8003B685B78012B3AD1FB6803F50063DA693E
:104CC8003B681B7803F00F03012101FA03F39BB241
:104CD800F96801F500611343CB61BB685A01FB68B1
:104CE800134403F510631B6803F40043002B55D1EC
:104CF800BB685A01FB68134403F510631A683B68E4
:104D08009B68C3F30A013B681B799B041943BB6882
:104D18009B050B431343BA685101FA680A4402F52C
:104D2800106243F0805343F40043136036E0FB689D
:104D380003F50063DA693B681B7803F00F03012170
:104D480001FA03F31B04F96801F500611343CB6111
:104D5800BB685A01FB68134403F530631B6803F40E
:104D68000043002B1AD1BB685A01FB68134403F5B2
:104D780030631A683B689B68C3F30A013B681B7978
:104D88009B040B431343BA685101FA680A4402F5BD
:104D9800306243F0805343F4004313600023184605
:104DA8001437BD465DF8047B7047000080B485B0B9
:104DB80000AF786039607B68FB603B681B78BB603C
:104DC8003B685B78012B61D1BB685A01FB681344CF
:104DD80003F510631B6803F00043B3F1004F1FD1C4
:104DE800BB685A01FB68134403F510631B68BA6873
:104DF8005101FA680A4402F5106243F00063136037
:104E0800BB685A01FB68134403F510631B68BA6852
:104E18005101FA680A4402F5106243F080431360B6
:104E2800FB6803F50063DA6B3B681B7803F00F033C
:104E3800012101FA03F39BB2DB43F96801F5006134
:104E48001340CB63FB6803F50063DA693B681B78A2
:104E580003F00F03012101FA03F39BB2DB43F96866
:104E680001F500611340CB61BB685A01FB6813442C
:104E780003F510631A68BB685901FB680B4403F516
:104E880010631946354B13400B6060E0BB685A014C
:104E9800FB68134403F530631B6803F00043B3F168
:104EA800004F1FD1BB685A01FB68134403F53063F8
:104EB8001B68BA685101FA680A4402F5306243F087
:104EC80000631360BB685A01FB68134403F5306341
:104ED8001B68BA685101FA680A4402F5306243F067
:104EE80080431360FB6803F50063DA6B3B681B784B
:104EF80003F00F03012101FA03F31B04DB43F968F4
:104F080001F500611340CB63FB6803F50063DA69C0
:104F18003B681B7803F00F03012101FA03F31B041C
:104F2800DB43F96801F500611340CB61BB685A01A6
:104F3800FB68134403F530631A68BB685901FB68C2
:104F48000B4403F530631946054B13400B600023EF
:104F580018461437BD465DF8047B7047007833EC7B
:104F68000078F3EF80B58AB002AFF860B9601346F5
:104F7800FB71FB68FB61BB681B78BB61BB685B7836
:104F8800012B40F07F81BB681B69002B32D1BB69C4
:104F98005A01FB69134403F510631B69BA6951018F
:104FA800FA690A4402F5106223F0FF5323F4C01390
:104FB8001361BB695A01FB69134403F510631B694C
:104FC800BA695101FA690A4402F5106243F40023F0
:104FD8001361BB695A01FB69134403F510631B692C
:104FE800BA695101FA690A4402F51062DB0CDB0464
:104FF800136197E0BB695A01FB69134403F5106319
:105008001B69BA695101FA690A4402F51062DB0C9E
:10501800DB041361BB695A01FB69134403F5106390
:105028001B69BA695101FA690A4402F5106223F052
:10503800FF5323F4C0131361BB69002B1AD1BB685B
:105048001A69BB689B689A4203D9BB689A68BB68AF
:105058001A61BB695A01FB69134403F510631B69A4
:10506800BA695101FA690A4402F5106243F400234F
:10507800136144E0BB681A69BB689B6813445A1EF5
:10508800BB689B68B2FBF3F3FB82BB695A01FB69FF
:10509800134403F510631A69FB8AD904A44B0B4027
:1050A800B9694801F969014401F5106113430B61BD
:1050B800BB681B79012B22D1BB695A01FB691344D8
:1050C80003F510631B69BA695101FA690A4402F5CC
:1050D800106223F0C0431361BB695A01FB69134492
:1050E80003F510631A69FB8A5B0703F0C043B969CB
:1050F8004801F969014401F5106113430B61BB696B
:105108005A01FB69134403F510631A69BB681B69EC
:10511800C3F31203B9694801F969014401F5106143
:1051280013430B61FB79012B4BD1BB68DB69002B67
:1051380009D0BB695A01FB69134403F510631A4689
:10514800BB68DB695361BB681B79012B28D1FB69FC
:1051580003F500639B6803F48073002B10D1BB69CF
:105168005A01FB69134403F510631B68BA695101BE
:10517800FA690A4402F5106243F0005313600FE025
:10518800BB695A01FB69134403F510631B68BA69CC
:105198005101FA690A4402F5106243F08053136022
:1051A800BB695A01FB69134403F510631B68BA69AC
:1051B8005101FA690A4402F5106243F0044313608E
:1051C80066E1BB695A01FB69134403F510631B6868
:1051D800BA695101FA690A4402F5106243F00443BE
:1051E8001360BB681B79012B15D0BB681B69002BAA
:1051F80000F04E81FB6903F500635A6BBB681B78AE
:1052080003F00F03012101FA03F3F96901F50061C5
:1052180013434B633CE1FB6903F500639B6803F4AC
:105228008073002B10D1BB695A01FB69134403F545
:1052380010631B68BA695101FA690A4402F51062E1
:1052480043F0005313600FE0BB695A01FB69134434
:1052580003F510631B68BA695101FA690A4402F53B
:10526800106243F080531360BB68D968BB681A7832
:10527800BB681B6998B2FB7900930346F86800F095
:10528800B9F905E1BB695A01FB69134403F53063B9
:105298001B69BA695101FA690A4402F53062DB0CEC
:1052A800DB041361BB695A01FB69134403F53063DE
:1052B8001B69BA695101FA690A4402F5306223F0A0
:1052C800FF5323F4C0131361BB69002B32D1BB68B1
:1052D8001B69002B03D0BB689A68BB681A61BB685E
:1052E8009A68BB681A62BB695A01FB69134403F5E3
:1052F80030631A69BB681B6AC3F31203B9694801B2
:10530800F969014401F5306113430B61BB695A0126
:10531800FB69134403F530631B69BA695101FA69E3
:105328000A4402F5306243F40023136162E000BFCF
:105338000000F81FBB681B69002B23D1BB695A0109
:10534800FB69134403F530631A69BB689B68C3F3B0
:105358001203B9694801F969014401F53061134341
:105368000B61BB695A01FB69134403F530631B6980
:10537800BA695101FA690A4402F5306243F400231C
:10538800136137E0BB681A69BB689B6813445A1EEF
:10539800BB689B68B2FBF3F3FB82BB689B68FA8A25
:1053A80003FB02F2BB681A62BB695A01FB6913442A
:1053B80003F530631A69FB8AD904384B0B40B96985
:1053C8004801F969014401F5306113430B61BB6978
:1053D8005A01FB69134403F530631A69BB681B6AF9
:1053E800C3F31203B9694801F969014401F5306151
:1053F80013430B61FB79012B0DD1BB68DB68002BD4
:1054080009D0BB68D968BB695A01FB69134403F525
:1054180030630A465A61BB681B79012B28D1FB69A6
:1054280003F500639B6803F48073002B10D1BB69FC
:105438005A01FB69134403F530631B68BA695101CB
:10544800FA690A4402F5306243F0005313600FE032
:10545800BB695A01FB69134403F530631B68BA69D9
:105468005101FA690A4402F5306243F0805313602F
:10547800BB695A01FB69134403F530631B68BA69B9
:105488005101FA690A4402F5306243F0044313609B
:10549800002318462037BD4680BD00BF0000F81F16
:1054A80080B487B000AF786039600023FB600023C8
:1054B800FB757B683B613B685B78012B4AD13B6895
:1054C8001B785A013B69134403F510631B6803F00A
:1054D8000043B3F1004F40F086803B681B785A01C7
:1054E8003B69134403F510631B683A68127851014D
:1054F8003A690A4402F5106243F0006313603B689E
:105508001B785A013B69134403F510631B683A681A
:10551800127851013A690A4402F5106243F0804357
:105528001360FB680133FB60FB6842F21072934220
:1055380002D90123FB7556E03B681B785A013B6989
:10554800134403F510631B6803F00043B3F1004FE5
:10555800E7D048E03B681B785A013B69134403F5E0
:1055680030631B6803F00043B3F1004F3BD13B6845
:105578001B785A013B69134403F530631B683A688A
:10558800127851013A690A4402F5306243F0006327
:1055980013603B681B785A013B69134403F5306379
:1055A8001B683A68127851013A690A4402F5306278
:1055B80043F080431360FB680133FB60FB6842F2F1
:1055C8001072934202D90123FB750CE03B681B78EB
:1055D8005A013B69134403F530631B6803F0004329
:1055E800B3F1004FE7D0FB7D18461C37BD465DF888
:1055F800047B704780B489B000AFF860B960114689
:105608001A460B46FB711346BB80FB687B61BB687F
:10561800FB6197F82830002B23D1BB8803339B0804
:105628003B610023BB6118E0FB791A037B691344D3
:1056380003F580531A46FB691B681360FB69013345
:10564800FB61FB690133FB61FB690133FB61FB69AA
:105658000133FB61BB690133BB61BA693B699A429B
:10566800E2D3002318462437BD465DF8047B704713
:1056780080B48BB000AFF860B9601346FB80FB685C
:10568800BB61BB687B62FB889B089BB27B61FB8824
:1056980003F00303FB8300233B6214E0BB6903F5BB
:1056A80080531A687B6A1A607B6A01337B627B6A63
:1056B80001337B627B6A01337B627B6A01337B62E5
:1056C8003B6A01333B623A6A7B699A42E6D3FB8BB9
:1056D800002B1ED000233B62BB6903F580531A469A
:1056E80007F1100312681A603A693B6ADBB2DB0003
:1056F80022FA03F3DAB27B6A1A703B6A01333B621F
:105708007B6A01337B62FB8B013BFB83FB8B002BAA
:10571800EAD17B6A18462C37BD465DF8047B704792
:1057280080B485B000AF786039607B68FB603B6807
:105738001B78BB603B685B78012B2CD1BB685A0196
:10574800FB68134403F510631B68002B12DBBB686E
:10575800002B0FD0BB685A01FB68134403F5106394
:105768001B68BA685101FA680A4402F5106223F00E
:1057780080431360BB685A01FB68134403F5106348
:105788001B68BA685101FA680A4402F5106243F4CA
:10579800001313602BE0BB685A01FB68134403F540
:1057A80030631B68002B12DBBB68002B0FD0BB6873
:1057B8005A01FB68134403F530631B68BA6851014A
:1057C800FA680A4402F5306223F080431360BB682C
:1057D8005A01FB68134403F530631B68BA6851012A
:1057E800FA680A4402F5306243F400131360002398
:1057F80018461437BD465DF8047B704780B485B001
:1058080000AF786039607B68FB603B681B78BB60E1
:105818003B685B78012B28D1BB685A01FB681344AD
:1058280003F510631B68BA685101FA680A4402F567
:10583800106223F4001313603B681B79032B03D019
:105848003B681B79022B38D1BB685A01FB681344AB
:1058580003F510631B68BA685101FA680A4402F537
:10586800106243F08053136027E0BB685A01FB685D
:10587800134403F530631B68BA685101FA680A4497
:1058880002F5306223F4001313603B681B79032B85
:1058980003D03B681B79022B0FD1BB685A01FB6808
:1058A800134403F530631B68BA685101FA680A4467
:1058B80002F5306243F08053136000231846143712
:1058C800BD465DF8047B704780B485B000AF786052
:1058D8000B46FB707B68FB60FB6803F500631B6885
:1058E800FA6802F5006223F4FE631360FB6803F5AF
:1058F80000631A68FB781B0103F4FE63F96801F57D
:10590800006113430B60002318461437BD465DF849
:10591800047B704780B485B000AF78607B68FB601B
:10592800FB6803F560631B68FA6802F5606223F0A0
:1059380003031360FB6803F500635B68FA6802F50C
:10594800006223F002035360002318461437BD4653
:105958005DF8047B704780B485B000AF78607B68E1
:10596800FB60FB6803F560631B68FA6802F5606218
:1059780023F003031360FB6803F500635B68FA68B0
:1059880002F5006243F002035360002318461437FF
:10599800BD465DF8047B704780B485B000AF786081
:1059A8007B685B69FB607B689B69FA681340FB60F6
:1059B800FB6818461437BD465DF8047B704780B411
:1059C80085B000AF78607B68FB60FB6803F5006317
:1059D8009B69BB60FB6803F50063DB69BA68134029
:1059E800BB60BB681B0C18461437BD465DF8047BCA
:1059F800704780B485B000AF78607B68FB60FB6857
:105A080003F500639B69BB60FB6803F50063DB6912
:105A1800BA681340BB60BB689BB218461437BD46D2
:105A28005DF8047B704780B485B000AF78600B46A2
:105A3800FB707B68FB60FB785A01FB68134403F535
:105A480030639B68BB60FB6803F500635B69BA68F9
:105A58001340BB60BB6818461437BD465DF8047B2D
:105A6800704780B487B000AF78600B46FB707B68E6
:105A78007B617B6903F500631B693B617B6903F507
:105A880000635B6BFB60FB7803F00F03FA6822FA94
:105A980003F3DB01DBB23A6913433B61FB785A013C
:105AA8007B69134403F510639B683A691340BB6034
:105AB800BB6818461C37BD465DF8047B704780B448
:105AC80083B000AF78607B685B6903F00103184618
:105AD8000C37BD465DF8047B704780B485B000AFD5
:105AE80078607B68FB60FB6803F510631B68FA68E5
:105AF80002F5106223F4FF6323F007031360FB68C9
:105B080003F500635B68FA6802F5006243F480738A
:105B18005360002318461437BD465DF8047B704770
:105B280080B487B000AFF8600B467A60FB72FB6800
:105B38007B61FB683C3304331B683B613B69264A45
:105B480093420AD97B6903F530631B6803F000436D
:105B5800B3F1004F01D1002337E07B6903F53063CF
:105B68001A46002313617B6903F530631B697A6960
:105B780002F5306243F4002313617B6903F5306357
:105B88001B697A6902F5306243F0180313617B6977
:105B980003F530631B697A6902F5306243F0C0434C
:105BA8001361FB7A012B0FD17B6903F530631A4629
:105BB8007B6853617B6903F530631B687A6902F57A
:105BC800306243F080231360002318461C37BD461B
:105BD8005DF8047B704700BF0A30544F80B485B02D
:105BE80000AF78600023FB60FB680133FB60FB6853
:105BF800B3F1706F01D9032322E07B681B69002B86
:105C0800F2DA0A23FB6002E0FB68013BFB60FB68F9
:105C1800002BF9D17B681B6943F001027B681A618C
:105C2800FB680133FB60FB68B3F1706F01D9032394
:105C380006E07B681B6903F00103012BF0D0002309
:105C480018461437BD465DF8047B704780B584B0AC
:105C580000AF78600B46FB704FF4077002F0BCFC95
:105C6800F860FB68002B09D17B68D3F8D4227B68E5
:105C7800B032002143F822100223D4E04FF4077217
:105C88000021F86802F0ECFC7B68D3F8D4227B682A
:105C9800B032F96843F822107B68D3F8D4227B68C5
:105CA800B03253F822207B68C3F8BC227B681B7C87
:105CB800002B38D15E4B19784FF4007302227868B4
:105CC80002F067FB5A4B1B7803F00F027968134602
:105CD8009B0013449B000B44233301221A70554B3D
:105CE80019784FF400730222786802F052FB514B86
:105CF8001B7803F00F02796813469B0013449B003E
:105D08000B4403F2631301221A704B4B1B7803F008
:105D18000F02796813469B0013449B000B441C3305
:105D280010221A6035E0424B197840230222786825
:105D380002F02FFB3E4B1B7803F00F0279681346E5
:105D48009B0013449B000B44233301221A70394BE8
:105D5800197840230222786802F01BFB354B1B7828
:105D680003F00F02796813469B0013449B000B4411
:105D780003F2631301221A702F4B1B7803F00F02F2
:105D8800796813469B0013449B000B441C33102274
:105D98001A60294B197808230322786802F0F9FA67
:105DA800254B1B7803F00F02796813469B001344B8
:105DB8009B000B44233301221A70FB680022C3F8AE
:105DC80004227B68D3F8D4327A68B0339B0013443A
:105DD8005B681B689847FB680022C3F81422FB68BD
:105DE8000022C3F81822FB68D3F80432002B01D133
:105DF800022318E07B681B7C002B0AD10D4B197815
:105E0800FB68D3F804224FF40073786802F0B0FB03
:105E180008E0084B1978FB68D3F804224023786817
:105E280002F0A6FB002318461037BD4680BD00BF10
:105E380093000020940000209500002080B582B0D7
:105E480000AF78600B46FB703A4B1B7819467868B0
:105E580002F0C5FA374B1B7803F00F027968134636
:105E68009B0013449B000B44233300221A70324BCF
:105E78001B781946786802F0B2FA2F4B1B7803F0AA
:105E88000F02796813469B0013449B000B4403F2EE
:105E9800631300221A70294B1B781946786802F0A0
:105EA8009EFA264B1B7803F00F02796813469B0075
:105EB80013449B000B44233300221A701F4B1B789A
:105EC80003F00F02796813469B0013449B000B44B0
:105ED8001C3300221A607B68D3F8D4227B68B03266
:105EE80053F82230002B1FD07B68D3F8D4327A685D
:105EF800B0339B0013445B685B6898477B68D3F8B2
:105F0800D4227B68B03253F82230184602F072FB74
:105F18007B68D3F8D4227B68B032002143F8221082
:105F28007B680022C3F8BC22002318460837BD4608
:105F380080BD00BF93000020940000209500002041
:105F480080B586B000AF786039607B68D3F8D4221A
:105F58007B68B03253F822303B6100237B73002307
:105F68007B810023FB753B69002B01D10323BFE034
:105F78003B681B7803F06003002B50D0202B40F0C7
:105F8800AF803B68DB88002B3AD03B681B785BB25C
:105F9800002B1BDA7B68D3F8D4327A68B0339B00C5
:105FA80013445B689B683A68507839693A68D288C4
:105FB80098473B68DB88072B28BF0723FB813B6991
:105FC800FA891946786801F0A9FD90E03B685A788B
:105FD8003B6983F800223B68DB883F2B03D83B688A
:105FE800DB88DAB200E040223B6983F80122396994
:105FF8003B6993F801321A46786801F0BEFD76E0F5
:106008007B68D3F8D4327A68B0339B0013445B685A
:106018009B683A68507800223968984767E03B687F
:106028005B780B2B51D801A252F823F06560000869
:10603800E1600008D3600008D3600008D36000085E
:10604800D3600008D3600008D3600008D36000085C
:10605800D36000088F600008B96000087B6893F877
:106068009C32DBB2032B07D107F10A03022219463F
:10607800786801F053FD32E03968786801F0D1FCA6
:106088000323FB752BE07B6893F89C32DBB2032B70
:1060980007D107F10D0301221946786801F03EFD8A
:1060A8001DE03968786801F0BCFC0323FB7516E035
:1060B8007B6893F89C32DBB2032B0FD03968786881
:1060C80001F0AFFC0323FB7508E03968786801F03C
:1060D800A8FC0323FB7502E000BF08E000BF06E050
:1060E8003968786801F09DFC0323FB7500BFFB7DD0
:1060F80018461837BD4680BD80B584B000AF7860BB
:106108000B46FB707B68D3F8C832FB607B68D3F81A
:10611800D4227B68B03253F82230002B01D10323FC
:1061280065E07B68D3F8D4227B68B03253F822301C
:10613800BB60FB7803F00F02796813469B00134499
:106148009B000B4414331B68002B2FD0FB7803F003
:106158000F02796813469B0013449B000B441433C9
:106168001A68FB7803F00F01F8680B46DB000B4454
:106178009B0003441C331B68B2FBF3F101FB03F3E0
:10618800D31A002B12D1FB7803F00F02796813465B
:106198009B0013449B000B44143300221A60F978C7
:1061A80000230022786802F0C2F91FE0BB680022D1
:1061B800C3F814227B68D3F8D4327A68B0339B00D2
:1061C80013445B681B69002B10D07B68D3F8D4326A
:1061D8007A68B0339B0013445B681B69BA68D2F8CD
:1061E8000802BA6802F50471FA789847002318463D
:1061F8001037BD4680BD80B584B000AF78600B46CF
:10620800FB707B68D3F8D4227B68B03253F8223015
:10621800FB607B68D3F8D4227B68B03253F8223015
:10622800002B01D103231AE0FB781946786802F0A5
:10623800C0F90246FB68C3F80C227B68D3F8D43255
:106248007A68B0339B0013445B68DB68FA68D2F85D
:106258000402FA6802F503721146984700231846AB
:106268001037BD4680BD80B584B000AF78607B68CC
:10627800D3F8D4227B68B03253F82230FB60FB6835
:10628800002B01D1032324E07B68D3F8D4327A6849
:10629800B0339B0013445B68002B19D0FB6893F85C
:1062A8000032FF2B14D07B68D3F8D4327A68B0332D
:1062B8009B0013445B689B68FA6892F80002F968CF
:1062C800FA6892F801229847FB68FF2283F80022B7
:1062D800002318461037BD4680BD000080B586B043
:1062E80000AF78608221184800F062FD78610121D2
:1062F800154800F05DFD38618121134800F058FD14
:10630800F8607B69002B02D07B6910229A713B6987
:10631800002B06D03B69002242F040021A7100228D
:106328005A71FB68002B06D0FB68002242F040023D
:106338001A7100225A717B6843221A80024B184650
:106348001837BD4680BD00BF5000002080B586B01C
:1063580000AF78608221184800F02AFD7861012199
:10636800154800F025FD38618121134800F020FD13
:10637800F8607B69002B02D07B6910229A713B6917
:10638800002B06D03B6900221A71002242F002025B
:106398005A71FB68002B06D0FB6800221A71002294
:1063A80042F002025A717B6843221A80024B184657
:1063B8001837BD4680BD00BF5000002080B586B0AC
:1063C80000AF78608221184800F0F2FC7861012162
:1063D800154800F0EDFC38618121134800F0E8FC15
:1063E800F8607B69002B02D07B6910229A713B69A7
:1063F800002B06D03B69002242F040021A710022AD
:106408005A71FB68002B06D0FB68002242F040025C
:106418001A7100225A717B6843221A80024B18466F
:106428001837BD4680BD00BF5000002080B483B03F
:1064380000AF78607B680A221A80034B18460C3735
:10644800BD465DF8047B70470C00002080B483B023
:1064580000AF786039603B68002B01D1032309E065
:106468007B68D3F8D4327A68B0339B0013443A6817
:106478005A60002318460C37BD465DF8047B704708
:1064880080B487B000AFF860B9607A60FB68D3F871
:10649800D422FB68B03253F822307B617B69002B31
:1064A80001D1032308E07B69BA68C3F808227B6935
:1064B8007A68C3F81022002318461C37BD465DF8D9
:1064C800047B704780B485B000AF786039607B6822
:1064D800D3F8D4227B68B03253F82230FB60FB68D3
:1064E800002B01D1032304E0FB683A68C3F80422B7
:1064F800002318461437BD465DF8047B704700003A
:1065080080B584B000AF78607B68D3F8D4227B680C
:10651800B03253F82230BB600123FB73BB68002BF9
:1065280001D1032325E0BB68D3F81432002B1FD117
:10653800BB680122C3F81422104B1B7803F00F022A
:10654800BB68D3F81012786813469B0013449B006D
:10655800034414331960094B1978BB68D3F808222F
:10656800BB68D3F81032786801F0E1FF0023FB73B1
:10657800FB7B18461037BD4680BD00BF9300002046
:1065880080B584B000AF78607B68D3F8D4227B688C
:10659800B03253F82230FB607B68D3F8D4227B6892
:1065A800B03253F82230002B01D1032318E07B6866
:1065B8001B7C002B0AD10C4B1978FB68D3F80422FA
:1065C8004FF40073786801F0D3FF08E0064B1978A0
:1065D800FB68D3F804224023786801F0C9FF002340
:1065E80018461037BD4680BD9400002080B586B09F
:1065F80000AFF860B9601346FB71FB68002B01D14E
:1066080003231FE0FB680022C3F8B822FB680022BE
:10661800C3F8C422FB680022C3F8D022BB68002B51
:1066280003D0FB68BA68C3F8B422FB68012283F878
:106638009C22FB68FA791A70F86801F043FE034659
:10664800FB75FB7D18461837BD4680BD80B584B004
:1066580000AF786039600023FB813B68002B01D1D3
:10666800032325E07B683A68C3F8B8227B68D3F82F
:10667800D4227B68AE3253F82230DB6A002B0FD06D
:106688007B68D3F8D4227B68AE3253F82230DB6AB9
:1066980007F10E021046984702467B68C3F8D022DD
:1066A8007B68D3F8D8325A1C7B68C3F8D8220023F9
:1066B80018461037BD4680BD80B582B000AF7860FF
:1066C800786801F04BFE034618460837BD4680BD82
:1066D80080B483B000AF7860002318460C37BD46FD
:1066E8005DF8047B704780B584B000AF78600B46D6
:1066F800FB700023FB737B68D3F8B832002B09D0FA
:106708007B68D3F8B8321B68FA78114678689847DE
:106718000346FB73FB7B18461037BD4680BD80B52A
:1067280084B000AF78600B46FB700023FB737B6876
:10673800D3F8B8325B68FA78114678689847034608
:10674800002B01D00323FB73FB7B18461037BD4693
:1067580080BD80B584B000AF786039607B6803F293
:10676800AA233968184601F022F97B680122C3F888
:1067780094227B68B3F8B0321A467B68C3F8982233
:106788007B6893F8AA3203F01F03022B1AD0022B5E
:1067980022D8002B02D0012B0AD01DE07B6803F21F
:1067A800AA231946786800F077FB0346FB7320E0BC
:1067B8007B6803F2AA231946786800F0DFFB0346DA
:1067C800FB7316E07B6803F2AA231946786800F089
:1067D80041FC0346FB730CE07B6893F8AA3223F074
:1067E8007F03DBB21946786801F018FE0346FB7395
:1067F80000BFFB7B18461037BD4680BD80B586B00C
:1068080000AFF8600B467A60FB720023FB75FB7AD9
:10681800002B77D1FB6803F5AA733B61FB68D3F8BB
:106828009432032B40F0A1803B695B683A699289F6
:1068380093421CD93B695B683A6992899A1A3B6909
:106848005A603B691B693A6992891A443B691A6123
:106858003B6919693B699B891A463B695B689342A6
:1068680038BF13461A46F86801F0A8F97DE0FB68BE
:1068780093F8AA3203F01F03022B14D0022B1DD861
:10688800002B02D0012B03D018E00023BB7518E0C1
:10689800FB68B3F8AE32DBB21946F86800F06EFA5E
:1068A8000346BB750DE0FB68B3F8AE32DBB21946A0
:1068B800F86800F070FA0346BB7502E00023BB7568
:1068C80000BFBB7D002B19D1FB6893F89C32DBB26B
:1068D800032B13D1BA7DFB68AE3253F822301B6903
:1068E800002B0BD0BA7DFB68C3F8D422BA7DFB68B5
:1068F800AE3253F822301B69F8689847F86801F0FF
:106908006EF932E0FB7A03F07F03DBB21946F868D0
:1069180000F041FA0346BB75BB7DFF2B25D0BB7D3C
:10692800002B22D1FB6893F89C32DBB2032B17D1E2
:10693800BA7DFB68AE3253F822309B69002B0FD02A
:10694800BA7DFB68C3F8D422BA7DFB68AE3253F82F
:1069580022309B69FA7A1146F86898470346FB7516
:10696800FB7D002B01D0FB7D00E000231846183783
:10697800BD4680BD80B586B000AFF8600B467A6032
:10698800FB72FB7A002B78D1FB6814333B61FB6800
:10699800D3F89432022B63D13B695B683A699289D8
:1069A80093421CD93B695B683A6992899A1A3B6998
:1069B8005A603B691B693A6992891A443B691A61B2
:1069C8003B6919693B695B681A46F86801F0C4F8C5
:1069D800002300220021F86801F0CAFD40E03B696D
:1069E8009B891A463B695B689A421CD13B691B68C4
:1069F8003A699289934216D33B691A68FB68D3F8BF
:106A080098329A420FD200220021F86801F0A4F8C7
:106A1800FB680022C3F89822002300220021F868AE
:106A280001F0A6FD1CE0FB6893F89C32DBB2032B57
:106A38000FD1FB68D3F8B832DB68002B09D0FB68AC
:106A48000022C3F8D422FB68D3F8B832DB68F868B0
:106A580098478021F86801F0E1FCF86801F0D2F865
:106A6800FB6893F8A032002B3AD0F868FFF730FEA5
:106A7800FB68002283F8A02232E0FB7A63F07F03F0
:106A8800DBB21946F86800F086F90346FB75FB7D12
:106A9800FF2B25D0FB7D002B22D1FB6893F89C327D
:106AA800DBB2032B1CD1FA7DFB68AE3253F82230DF
:106AB8005B69002B14D0FA7DFB68C3F8D422FA7DF9
:106AC800FB68AE3253F822305B69FA7A1146F868EF
:106AD80098470346BB75BB7D002B01D0BB7D00E00A
:106AE800002318461837BD4680BD80B584B000AF76
:106AF80078600023FB737B68012283F89C227B6803
:106B08000022C3F894227B6800225A607B68002226
:106B1800C3F8A4227B68002283F8A0227B68D3F8FC
:106B2800B832002B14D07B68D3F8B8325B68002BDE
:106B38000ED07B68D3F8B8325B687A685268D2B2F4
:106B48001146786898470346002B01D00323FB734E
:106B5800402300220021786801F01BFC7B68012299
:106B680083F863217B684022A3F860214023002238
:106B78008021786801F00DFC7B68012283F82320CE
:106B88007B6840221A84FB7B18461037BD4680BDBF
:106B980080B483B000AF78600B46FB707B68FA78EE
:106BA8001A74002318460C37BD465DF8047B7047FD
:106BB80080B483B000AF78607B6893F89C32DBB216
:106BC800042B06D07B6893F89C32DAB27B6883F892
:106BD8009D227B68042283F89C22002318460C37E8
:106BE800BD465DF8047B704780B483B000AF786021
:106BF8007B6893F89C32DBB2042B06D17B6893F850
:106C08009D32DAB27B6883F89C22002318460C3741
:106C1800BD465DF8047B704780B582B000AF7860F0
:106C28007B6893F89C32DBB2032B10D17B68D3F8D6
:106C3800B832002B0BD07B68D3F8B832DB69002B55
:106C480005D07B68D3F8B832DB69786898470023A9
:106C580018460837BD4680BD80B582B000AF786061
:106C68000B46FB707B68D3F8D4227B68AE3253F8AE
:106C78002230002B01D103231CE07B6893F89C325F
:106C8800DBB2032B15D17B68D3F8D4227B68AE32F4
:106C980053F822301B6A002B0BD07B68D3F8D42220
:106CA8007B68AE3253F822301B6AFA78114678684E
:106CB8009847002318460837BD4680BD80B582B086
:106CC80000AF78600B46FB707B68D3F8D4227B68F2
:106CD800AE3253F82230002B01D103231CE07B682D
:106CE80093F89C32DBB2032B15D17B68D3F8D422FE
:106CF8007B68AE3253F822305B6A002B0BD07B687E
:106D0800D3F8D4227B68AE3253F822305B6AFA7823
:106D1800114678689847002318460837BD4680BD55
:106D280080B483B000AF7860002318460C37BD46A6
:106D38005DF8047B704780B584B000AF78600023AD
:106D4800FB737B68012283F89C227B68D3F8B832F6
:106D5800002B0ED07B68D3F8B8325B687A6852682B
:106D6800D2B21146786898470346002B01D0032316
:106D7800FB73FB7B18461037BD4680BD80B483B0DB
:106D880000AF78600B46FB70002318460C37BD46F1
:106D98005DF8047B704780B483B000AF78600B4621
:106DA800FB70002318460C37BD465DF8047B70471E
:106DB80080B586B000AF78600B46FB707B687B615E
:106DC8007B68FB6000233B61FB685B889BB2FA68C9
:106DD800127893421FD9FB681B787B8113E007F177
:106DE8000A031946786900F01BF878617B695B78BB
:106DF800052B08D17B693B613B699B78FA789A42FD
:106E080008D000233B61FB685B889AB27B899A4271
:106E1800E5D800E000BF3B6918461837BD4680BD7D
:106E280080B485B000AF786039607B68FB603B68F0
:106E38001B88FA68127813449AB23B681A80FB6878
:106E48001B781A467B681344FB60FB6818461437A6
:106E5800BD465DF8047B704780B487B000AF7860AA
:106E68007B687B617B691B787B827B6901337B61F3
:106E78007B691B783B82B7F910301B021AB2B7F94D
:106E8800123013431BB2FB81FB8918461C37BD46E1
:106E98005DF8047B7047000080B584B000AF78606F
:106EA80039600023FB733B681B7803F06003402BB9
:106EB80005D0402B57D8002B0FD0202B53D17B68FF
:106EC800D3F8D4227B68AE3253F822309B683968F5
:106ED800786898470346FB734AE03B685B78092B60
:106EE8003BD801A252F823F0456F0008596F0008FB
:106EF800636F00084F6F0008636F0008236F000876
:106F0800196F0008636F00083B6F00082D6F0008B9
:106F18003968786800F03EFA24E03968786800F04B
:106F2800A3FB1FE03968786800F0E2FB0346FB73B7
:106F380018E03968786800F085FC13E039687868EB
:106F480000F0B6FC0EE03968786800F0E5FC09E06E
:106F58003968786800F009FD04E03968786800F05D
:106F680060FD00BF04E03968786800F05AFD00BF92
:106F7800FB7B18461037BD4680BD00BF80B584B086
:106F880000AF786039600023FB733B681B7803F01F
:106F98006003402B05D0402B52D8002B01D0202B6A
:106FA8004ED17B6893F89C32DBB2013B022B40D870
:106FB8003B689B88DBB2012B36D83B689B88DBB2E9
:106FC80019467868FFF7DAFE0346BB73BB7BFF2BD5
:106FD8001DD0BB7B002B1AD1BA7B7B68AE3253F82D
:106FE80022309B68002B0FD0BA7B7B68C3F8D42271
:106FF800BA7B7B68AE3253F822309B683968786870
:1070080098470346FB7304E00323FB7301E0032363
:10701800FB733B68DB88002B10D1FB7B002B0DD169
:10702800786800F0DCFD09E03968786800F0F9FC60
:1070380004E03968786800F0F4FC00E000BF04E080
:107048003968786800F0EDFC00BFFB7B1846103704
:10705800BD4680BD80B584B000AF7860396000233C
:10706800FB733B689B88BB733B681B7803F060032A
:10707800402B07D0402B00F28181002B2AD0202BF7
:1070880040F07C81BB7B19467868FFF784FE034695
:107098007B737B7BFF2B00F076817B7B002B40F0A2
:1070A80072817A7B7B68C3F8D4227A7B7B68AE32A4
:1070B80053F822309B68002B00F065817A7B7B684F
:1070C800AE3253F822309B6839687868984703468F
:1070D800FB7358E13B685B78032B08D0032B00F364
:1070E8004781002B00F09B80012B3CD040E17B685E
:1070F80093F89C32DBB2022B02D0032B16D02CE083
:10710800BB7B002B0DD0BB7B802B0AD0BB7B1946E9
:10711800786801F083F98021786801F07FF900BF71
:1071280020E03968786800F07CFC1BE03B685B88ED
:10713800002B0ED1BB7B002B0BD0BB7B802B08D048
:107148003B68DB88002B04D1BB7B1946786801F0CB
:1071580065F9786800F043FD04E03968786800F064
:1071680060FC00BF09E17B6893F89C32DBB2022B1C
:1071780002D0032B16D04BE0BB7B002B0DD0BB7B82
:10718800802B0AD0BB7B1946786801F047F980212B
:10719800786801F043F900BF40E03968786800F08A
:1071A80040FC3BE03B685B88002B36D1BB7B03F09F
:1071B8007F03002B04D0BB7B1946786801F04DF99A
:1071C800786800F00CFDBB7B19467868FFF7E3FD93
:1071D80003467B737B7BFF2B1FD07B7B002B1CD153
:1071E8007A7B7B68C3F8D4227A7B7B68AE3253F80B
:1071F80022309B68002B10D07A7B7B68AE3253F824
:1072080022309B683968786898470346FB7304E026
:107218003968786800F005FC00E000BFADE07B68E5
:1072280093F89C32DBB2022B02D0032B33D099E0C7
:10723800BB7B002B07D0BB7B802B04D039687868D8
:1072480000F0EFFB93E097F90E30002B0BDABB7BD5
:1072580003F07F0213469B0013449B0010337A68A7
:10726800134404330BE0BB7B03F07F0213469B00FF
:1072780013449B0003F5A8737A6813440433BB6076
:10728800BB6800229A73BB680E33022219467868DD
:1072980000F044FC6BE097F90E30002B11DABB7B51
:1072A80003F00F02796813469B0013449B000B44BC
:1072B80023331B78002B17D13968786800F0B1FBAD
:1072C80055E0BB7B03F00F02796813469B0013441B
:1072D8009B000B4403F263131B78002B04D139681D
:1072E800786800F09EFB42E097F90E30002B0BDA2D
:1072F800BB7B03F07F0213469B0013449B001033B3
:107308007A68134404330BE0BB7B03F07F02134617
:107318009B0013449B0003F5A8737A681344043355
:10732800BB60BB7B002B02D0BB7B802B03D1BB682F
:1073380000229A730EE0BB7B1946786801F0ACF81E
:107348000346002B03D0BB6801229A7302E0BB6896
:1073580000229A73BB680E3302221946786800F03F
:10736800DDFB04E03968786800F05BFB00BF04E0EF
:107378003968786800F055FB00BF05E0396878681F
:1073880000F04FFB00E000BFFB7B18461037BD46FE
:1073980080BD000080B584B000AF786039600023FC
:1073A8003B810023FB600023FB723B685B881B0A60
:1073B8009BB2013B062B00F2288101A252F823F070
:1073C800E5730008FD7300083D7400081376000893
:1073D80013760008B3750008DF7500087B68D3F8DA
:1073E800B4321B687A68127C07F108011046984786
:1073F800F86012E17B681B7C002B0DD17B68D3F809
:10740800B8329B6A07F1080210469847F860FB6893
:10741800013302221A7000E17B68D3F8B832DB6AC4
:1074280007F1080210469847F860FB68013302220A
:107438001A70F2E03B685B88DBB2052B00F2AC8087
:1074480001A252F823F000BF697400089D74000877
:10745800D174000805750008397500086D750008B5
:107468007B68D3F8B4325B68002B0BD07B68D3F809
:10747800B4325B687A68127C07F1080110469847B5
:10748800F86091E03968786800F0CBFAFB7A01334C
:10749800FB7289E07B68D3F8B4329B68002B0BD071
:1074A8007B68D3F8B4329B687A68127C07F10801CC
:1074B80010469847F86077E03968786800F0B1FAC4
:1074C800FB7A0133FB726FE07B68D3F8B432DB6878
:1074D800002B0BD07B68D3F8B432DB687A68127C57
:1074E80007F1080110469847F8605DE03968786848
:1074F80000F097FAFB7A0133FB7255E07B68D3F80A
:10750800B4321B69002B0BD07B68D3F8B4321B69EB
:107518007A68127C07F1080110469847F86043E042
:107528003968786800F07DFAFB7A0133FB723BE03A
:107538007B68D3F8B4325B69002B0BD07B68D3F837
:10754800B4325B697A68127C07F1080110469847E3
:10755800F86029E03968786800F063FAFB7A01334B
:10756800FB7221E07B68D3F8B4329B69002B0BD007
:107578007B68D3F8B4329B697A68127C07F10801FA
:1075880010469847F8600FE03968786800F049FAC3
:10759800FB7A0133FB7207E03968786800F041FA3A
:1075A800FB7A0133FB7200BF37E07B681B7C002B42
:1075B80009D17B68D3F8B8325B6B07F10802104633
:1075C8009847F86029E03968786800F02AFAFB7A69
:1075D8000133FB7221E07B681B7C002B0DD17B689B
:1075E800D3F8B8321B6B07F1080210469847F860C9
:1075F800FB68013307221A700FE03968786800F0D9
:1076080010FAFB7A0133FB7207E03968786800F0FA
:1076180008FAFB7A0133FB7200BFFB7A002B1ED1FC
:107628003B68DB88002B16D03B89002B0ED03B68CB
:10763800DA883B89934228BF13469BB23B813B893A
:107648001A46F968786800F069FA09E039687868D4
:1076580000F0E7F904E0786800F0C1FA00E000BF44
:107668001037BD4680BD00BF80B584B000AF7860DC
:1076780039603B689B88002B31D13B68DB88002B45
:107688002DD13B685B887F2B29D83B685B88DBB2B0
:1076980003F07F03FB737B6893F89C32DBB2032B08
:1076A80004D13968786800F0BCF91DE07B68FA7B82
:1076B80083F89E22FB7B1946786800F019FF7868EA
:1076C80000F08DFAFB7B002B04D07B68022283F844
:1076D8009C2209E07B68012283F89C2204E0396837
:1076E800786800F09EF900BF00BF1037BD4680BD26
:1076F80080B584B000AF786039600023FB733B68C5
:107708005B88DAB24E4B1A704D4B1B78012B05D9AA
:107718003968786800F085F903238CE07B6893F872
:107728009C32DBB2022B02D0032B29D075E0444BEC
:107738001B78002B20D0424B1B781A467B685A6076
:107748003F4B1B7819467868FEF7CDFF0346FB735D
:10775800FB7B002B08D03968786800F062F97B68F9
:10776800022283F89C2265E0786800F038FA7B688A
:10777800032283F89C225DE0786800F030FA59E033
:107788002F4B1B78002B12D17B68022283F89C2296
:107798002B4B1B781A467B685A60294B1B78194675
:1077A8007868FEF7BCFF786800F019FA42E0244BCD
:1077B8001B781A467B685B689A422AD07B685B68AC
:1077C800DBB219467868FEF7AAFF1D4B1B781A46EC
:1077D8007B685A601A4B1B7819467868FEF783FF56
:1077E8000346FB73FB7B002B0FD03968786800F0E9
:1077F80018F97B685B68DBB219467868FEF78FFF7B
:107808007B68022283F89C2214E0786800F0E7F98C
:1078180010E0786800F0E3F90CE03968786800F067
:1078280000F9074B1B7819467868FEF778FF0323A1
:10783800FB7300BFFB7B18461037BD4680BD00BFF9
:10784800C013002080B582B000AF786039603B6813
:10785800DB88012B04D03968786800F0E2F823E06F
:107868007B6893F89C32DBB2022B02DC002B03DC32
:1078780015E0032B0BD012E07B6800229A607B682E
:10788800083301221946786800F048F90CE07B6853
:10789800043301221946786800F040F904E0396899
:1078A800786800F0BEF800BF00BF0837BD4680BD4D
:1078B80080B582B000AF786039607B6893F89C32FD
:1078C800DBB2013B022B1ED83B68DB88022B04D0BD
:1078D8003968786800F0A5F81AE07B680122DA6058
:1078E8007B68D3F8A432002B05D07B68DB6843F0B3
:1078F80002027B68DA607B680C33022219467868DA
:1079080000F00CF904E03968786800F08AF800BFE4
:1079180000BF0837BD4680BD80B582B000AF786033
:1079280039603B685B88012B07D17B680122C3F86B
:10793800A422786800F053F913E03B685B88022BB7
:107948000BD13B689B881B0A9BB2DAB27B6883F831
:10795800A022786800F043F903E03968786800F0FD
:1079680060F800BF0837BD4680BD80B582B000AF63
:10797800786039607B6893F89C32DBB2013B022B5C
:107988000BD83B685B88012B0CD17B680022C3F8BD
:10799800A422786800F023F904E03968786800F0D8
:1079A80040F800E000BF00BF0837BD4680BD80B585
:1079B80084B000AF786039603B68FB60FB681A7878
:1079C8007B681A70FB680133FB60FB681A787B6878
:1079D8005A70FB680133FB60F868FFF73DFA03460D
:1079E8001A467B685A80FB680133FB60FB680133E9
:1079F800FB60F868FFF730FA03461A467B689A80FE
:107A0800FB680133FB60FB680133FB60F868FFF734
:107A180023FA03461A467B68DA8000BF1037BD4652
:107A280080BD80B582B000AF786039608021786809
:107A380000F0F4FC0021786800F0F0FC00BF083783
:107A4800BD4680BD80B586B000AFF860B9607A6089
:107A58000023FB75FB68002B42D0FB683B6138694B
:107A680000F042F8034601335B00B3F5007F08D805
:107A7800386900F039F8034601339BB25B009AB2CB
:107A880001E04FF400727B681A80FB7DBA681344EA
:107A98007A6812781A70FB7D0133FB75FB7DBA6832
:107AA800134403221A70FB7D0133FB7513E0FB7D41
:107AB800BA6813443A6912781A703B6901333B611A
:107AC800FB7D0133FB75FB7DBA68134400221A70F5
:107AD800FB7D0133FB753B691B78002BE7D100E088
:107AE80000BF1837BD4680BD80B485B000AF786050
:107AF8000023FB737B68BB6005E0FB7B0133FB73F2
:107B0800BB680133BB60BB681B78002BF5D1FB7BDE
:107B180018461437BD465DF8047B704780B584B0BD
:107B280000AFF860B9607A60FB680222C3F894225B
:107B3800FB687A685A61FB68BA685A62FB687A68B7
:107B48009A617B68BA680021F86800F0F0FC0023AD
:107B580018461037BD4680BD80B584B000AFF860C8
:107B6800B9607A607B68BA680021F86800F0DFFCC9
:107B7800002318461037BD4680BD80B584B000AFDD
:107B8800F860B9607A60FB680322C3F89422FB6846
:107B98007A68C3F85421FB68BA68C3F86421FB68A3
:107BA8007A68C3F858217B68BA680021F86800F041
:107BB800DFFC002318461037BD4680BD80B584B071
:107BC80000AFF860B9607A607B68BA680021F8682D
:107BD80000F0CEFC002318461037BD4680BD80B5A6
:107BE80082B000AF78607B680422C3F89422002337
:107BF80000220021786800F09AFC00231846083714
:107C0800BD4680BD80B582B000AF78607B68052234
:107C1800C3F89422002300220021786800F0A8FC11
:107C2800002318460837BD4680BD000080B500AF68
:107C3800002212491248FEF7D9FC0346002B01D056
:107C4800F9F7BAFA0F490E48FEF700FD0346002B74
:107C580001D0F9F7B1FA0C490948FEF7F7FB0346DA
:107C6800002B01D0F9F7A8FA0548FEF725FD0346D1
:107C7800002B01D0F9F7A0FA00BF80BDAC000020AE
:107C8800C4130020180000209800002080B500AF21
:107C9800002205490548FEF7F3FB05490348FEF7AE
:107CA80011FC0023184680BDA01E0020C41300202C
:107CB800A016002080B400AF00231846BD465DF82A
:107CC800047B704780B483B000AF03463960FB7112
:107CD8001346BB80FB79232B4AD801A252F823F024
:107CE800797D0008797D0008797D0008797D000894
:107CF800797D0008797D0008797D0008797D000884
:107D0800797D0008797D0008797D0008797D000873
:107D1800797D0008797D0008797D0008797D000863
:107D2800797D0008797D0008797D0008797D000853
:107D3800797D0008797D0008797D0008797D000843
:107D4800797D0008797D0008797D0008797D000833
:107D5800797D0008797D0008797D0008797D000823
:107D6800797D0008797D0008797D0008797D000813
:107D780000BF002318460C37BD465DF8047B7047EA
:107D880080B582B000AF7860396079680548FEF741
:107D980099FB0448FEF7F4FB002318460837BD4654
:107DA80080BD00BFC413002080B584B000AF7860E8
:107DB8000B467B800023FB730D4BD3F8BC32BB60B2
:107DC800BB68D3F81432002B01D001230BE07B8869
:107DD8001A4679680648FEF753FB0548FEF790FBFC
:107DE8000346FB73FB7B18461037BD4680BD00BFBA
:107DF800C413002080B487B000AFF860B9601346A0
:107E0800FB710023FB7597F9173018461C37BD46E0
:107E18005DF8047B7047000080B483B000AF034670
:107E28003960FB713B6812221A80034B18460C37E5
:107E3800BD465DF8047B7047C800002080B483B05D
:107E480000AF03463960FB713B6804221A80034B7C
:107E580018460C37BD465DF8047B7047DC000020EF
:107E680080B582B000AF03463960FB71FB79002B07
:107E780005D13A6807490848FFF7E4FD04E03A6885
:107E880004490548FFF7DEFD024B18460837BD4692
:107E980080BD00BFA02600203891000880B582B0C0
:107EA80000AF03463960FB713A6804490448FFF79C
:107EB800C9FD024B18460837BD4680BDA0260020E4
:107EC8005091000880B582B000AF03463960FB715D
:107ED8003B681A221A8000F043F8024B184608370C
:107EE800BD4680BDE000002080B582B000AF0346EB
:107EF8003960FB71FB79002B05D13A6807490848BE
:107F0800FFF7A0FD04E03A6804490548FFF79AFD29
:107F1800024B18460837BD4680BD00BFA02600208A
:107F28006491000880B582B000AF03463960FB71E8
:107F3800FB79002B05D13A6807490848FFF782FD0D
:107F480004E03A6804490548FFF77CFD024B1846EF
:107F58000837BD4680BD00BFA026002070910008EC
:107F680080B584B000AF0F4B1B68FB600E4B1B68DD
:107F7800BB600E4B1B687B60FA687B681344FB6030
:107F8800FB68002B09D008220949F86800F014F8AA
:107F980004220849B86800F00FF800BF1037BD4642
:107FA80080BD00BF107AFF1F147AFF1F187AFF1FC9
:107FB800E2000020F200002080B487B000AFF86033
:107FC800B9601346FB710023FB750023FB7527E09E
:107FD800FB681B0F092B0BD8FB681B0FDAB2FB7D64
:107FE8005B001946BB680B443032D2B21A700AE003
:107FF800FB681B0FDAB2FB7D5B001946BB680B44BC
:108008003732D2B21A70FB681B01FB60FB7D5B0044
:108018000133BA68134400221A70FB7D0133FB75E3
:10802800FA7DFB799A42D3D300BF00BF1C37BD4607
:108038005DF8047B7047000080B58AB000AF7860B7
:1080480007F1140300221A605A609A60DA601A6114
:108058007B681B68B3F1A04F3AD100233B611E4BEC
:108068001B6B1D4A43F0010313631B4B1B6B03F08F
:1080780001033B613B694FF4C0537B610223BB6141
:108088000023FB6103233B620A237B6207F114038D
:1080980019461248FAF714FA0F4B5B6B0E4A43F075
:1080A800800353630023FB600B4B5B6C0A4A43F469
:1080B80080435364084B5B6C03F48043FB60FB68AC
:1080C800002200214320F9F75AFF4320F9F773FFF4
:1080D80000BF2837BD4680BD00380240000002407E
:1080E80080B582B000AF78607B68D3F8E0247B6805
:1080F80003F29C4319461046FEF72BFB00BF0837D6
:10810800BD4680BD80B582B000AF78600B46FB707D
:108118007B68D3F8E004FA7879681346DB001344E7
:108128009B000B4403F518731A68FB781946FEF791
:1081380065FB00BF0837BD4680BD80B582B000AF83
:1081480078600B46FB707B68D3F8E004FA787968AE
:108158001346DB0013449B000B4420331A68FB785A
:108168001946FEF707FC00BF0837BD4680BD80B53D
:1081780082B000AF78607B68D3F8E0341846FEF729
:108188004BFD00BF0837BD4680BD80B584B000AF49
:1081980078600123FB737B68DB79002B02D1002315
:1081A800FB7308E07B68DB79022B02D10123FB73A8
:1081B80001E0F9F701F87B68D3F8E034FA7B11465F
:1081C8001846FEF7E5FC7B68D3F8E0341846FEF75E
:1081D8008CFC00BF1037BD4680BD000080B582B062
:1081E80000AF78607B68D3F8E0341846FEF7E0FC0F
:1081F8007B681B6803F560631B687A68126802F580
:10820800606243F0010313607B68DB7A002B05D0C2
:10821800044B1B69034A43F00603136100BF083788
:10822800BD4680BD00ED00E080B582B000AF78604B
:108238007B68D3F8E0341846FEF7D6FC00BF083751
:10824800BD4680BD80B582B000AF78600B46FB703C
:108258007B68D3F8E034FA7811461846FEF72EFD0D
:1082680000BF0837BD4680BD80B582B000AF7860DA
:108278000B46FB707B68D3F8E034FA781146184651
:10828800FEF7EAFC00BF0837BD4680BD80B582B066
:1082980000AF78607B68D3F8E0341846FEF740FDFD
:1082A80000BF0837BD4680BD80B582B000AF78609A
:1082B8007B68D3F8E0341846FEF73DFD00BF083769
:1082C800BD4680BD80B582B000AF78607B681B7802
:1082D800002B3CD1204A7B68C2F8E0347B681E4AF8
:1082E800C3F8C8221C4B4FF0A0421A601A4B042254
:1082F8001A71194B0222DA71174B00229A71164B28
:1083080002225A72144B00229A72134B0022DA721C
:10831800114B00221A73104B00229A730E4B002245
:10832800DA730D48FAF781FA0346002B01D0F8F703
:1083380043FF80210848FBF7AEFC40220021064895
:10834800FBF762FC802201210348FBF75DFC002358
:1083580018460837BD4680BDA028002080B584B0E7
:1083680000AF78600023FB730023BB737B68D3F8EE
:10837800C8321846FAF768FB0346FB73FB7B1846BE
:1083880000F042F90346BB73BB7B18461037BD4665
:1083980080BD80B584B000AF7860084611461A46A3
:1083A8000346FB700B46BB7013463B800023FB73F0
:1083B8000023BB737B68D3F8C802BB783A88F97886
:1083C800FBF73CF80346FB73FB7B184600F01CF9EF
:1083D8000346BB73BB7B18461037BD4680BD80B5CE
:1083E80084B000AF78600B46FB700023FB7300235A
:1083F800BB737B68D3F8C832FA7811461846FBF786
:1084080087F80346FB73FB7B184600F0FDF803462C
:10841800BB73BB7B18461037BD4680BD80B584B0A2
:1084280000AF78600B46FB700023FB730023BB731F
:108438007B68D3F8C832FA7811461846FBF73FF93B
:108448000346FB73FB7B184600F0DEF80346BB735C
:10845800BB7B18461037BD4680BD80B584B000AFE1
:1084680078600B46FB700023FB730023BB737B68AB
:10847800D3F8C832FA7811461846FBF783F9034651
:10848800FB73FB7B184600F0BFF80346BB73BB7B4E
:1084980018461037BD4680BD80B485B000AF7860FF
:1084A8000B46FB707B68D3F8C832FB6097F9033042
:1084B800002B0BDAFB7803F07F02F9681346DB0028
:1084C80013449B000B4416331B780BE0FB7803F036
:1084D8007F02F9681346DB0013449B000B4403F248
:1084E80056231B7818461437BD465DF8047B704741
:1084F80080B584B000AF78600B46FB700023FB7337
:108508000023BB737B68D3F8C832FA781146184643
:10851800FAF770FF0346FB73FB7B184600F074F80C
:108528000346BB73BB7B18461037BD4680BD80B57C
:1085380086B000AFF8607A603B600B46FB720023A0
:10854800FB750023BB75FB68D3F8C802F97A3B6852
:108558007A68FBF77AF80346FB75FB7D184600F04E
:1085680053F80346BB75BB7D18461837BD4680BD1A
:1085780080B586B000AFF8607A603B600B46FB724E
:108588000023FB750023BB75FB68D3F8C802F97A92
:108598003B687A68FBF706F80346FB75FB7D1846CF
:1085A80000F032F80346BB75BB7D18461837BD4648
:1085B80080BD80B582B000AF78600B46FB707B68E9
:1085C800D3F8C832FA7811461846FBF726F803465E
:1085D80018460837BD4680BD80B483B000AF7860C8
:1085E800034B18460C37BD465DF8047B704700BF47
:1085F800842D002080B483B000AF786000BF0C37B2
:10860800BD465DF8047B704780B485B000AF034673
:10861800FB710023FB73FB79032B17D801A252F8D7
:1086280023F000BF3D8600084386000849860008FD
:108638004F8600080023FB730BE00323FB7308E05D
:108648000123FB7305E00323FB7302E00323FB73A1
:1086580000BFFB7B18461437BD465DF8047B7047A6
:1086680002440346934200D1704703F8011BF9E71F
:1086780070B50D4D0D4C641BA4100026A64209D1FF
:108688000B4D0C4C00F048FD641BA4100026A642BC
:1086980005D170BD55F8043B98470136EEE755F80B
:1086A800043B98470136F2E768950008689500088A
:1086B800689500086C95000810EE103A07B51F4A37
:1086C80023F00043934207D8DFED1D0A002003B0D2
:1086D8005DF804EB00F08EB8B3F1FF4F04D330EE31
:1086E800400A03B05DF804FB684600F0CBF800F0E0
:1086F800030001280AD002280FD0C0B9DDED010A15
:108708009DED000A012000F075F8EAE7DDED010AA9
:108718009DED000A00F016F8E3E7DDED010A9DED96
:10872800000A012000F066F8B1EE400AD9E7DDED55
:10873800010A9DED000A00F005F8F5E7D80F493F5A
:108748000000000010EE103A23F00043B3F1485F38
:10875800F0EE406AB7EE000A04D2FDEEE67A17EEB4
:10876800902A42B326EEA67ADFED1A7A9FED1A6AAE
:108778001A4AA7EE276A9342DFED197AE6EE077ADE
:108788009FED186AA7EE876ADFED177AE6EE077A9B
:108798009FED166AA7EE876A60EEE60A26EE076A7C
:1087A800F6EE007AE7EE060A67EE277A04D877EE47
:1087B800E07A30EE670A70470D4A93429ABF03F198
:1087C8007F4307EE103AB5EE027A30EE470A77EEAD
:1087D800C77AECE74ED747ADF6740F319999993EB1
:1087E8007CF293B4010DD037610BB6BAABAA2A3D1F
:1087F8000000483F10EE103A23F00043B3F1485F01
:1088080004D2FDEEC07A17EE903A5BB320EE007A00
:10881800DFED157A9FED156AA7EE276ADFED147A6A
:10882800E6EE077A9FED136AA7EE876ADFED127A04
:1088380060EE076AE6EE077A30B99FED106AA7EE98
:10884800276AA6EE260A704767EEE67AB6EE006A51
:10885800E0EE867AD7EE870ADFED097AE6EEA70A18
:1088680030EE600A704700BFD3C92E2F342FD7B21D
:108878001BEF3836010D50B98988083CABAA2ABECF
:10888800ABAA2A3EF0B510EE106A884B26F00045D8
:108898009D4287B0044605D8002380ED000A436056
:1088A800002022E0824B9D423AD826F00043002E59
:1088B8009FED807A804A23F00F0318DD934270EE13
:1088C800477A09BF9FED7D7ADFED7D6ADFED7D6A2E
:1088D80077EEC77A37EEE67A77EEC77A80ED007AD8
:1088E80077EEE67AC0ED017A012007B0F0BD934239
:1088F80070EE077A09BF9FED717ADFED716ADFEDDF
:10890800716A77EE877A37EEA67A77EEC77A80EDC6
:10891800007A77EEA67AC0ED017A4FF0FF30E4E7EF
:10892800694B9D4273D800F0DDF89FED687AF6EE4A
:10893800007AE0EE077AFDEEE77AB8EEE77A17EE0E
:10894800900ADFED5C7AA7EE670A1F28DFED5C7AF4
:1089580067EE277AB1EE476A70EE676A16EE901AEC
:1089680009DC5B4A471E26F0004352F8272023F013
:10897800FF03934207D1C1F3C752C2EBD552082A6D
:108988004FEAE55314DC216094ED007A30EE470A93
:10899800002E30EE670A84ED010AA6DAB1EE477AB6
:1089A800B1EE400A84ED007A84ED010A40429CE76A
:1089B800DFED425AF0EE406AE6EE256A70EE667A1E
:1089C800E6EE257ADFED3F5AD7EE257A76EEE75ABE
:1089D80015EE902AC2F3C7515B1A192B04DCC4EDBB
:1089E800005AB0EE660ACFE7DFED3A5AB0EE660AF3
:1089F800A6EE250A76EEC07ADFED376AE6EE257A2E
:108A0800D7EE267A30EE677A84ED007ABCE7B5F1C6
:108A1800FF4F06D370EE407AC0ED017AC0ED007AC0
:108A28003EE7EA15863AA5EBC25307EE903ABDEE4B
:108A3800E77ADFED2A6AB8EEC77A77EEC77A8DED66
:108A4800037A67EEA67ABDEEE77AB8EEC77A77EED4
:108A5800C77A8DED047A67EEA67AF5EE407AF1EEE4
:108A680010FACDED057A1ED1B5EE407AF1EE10FA86
:108A78000CBF012302231A4901910221009103A886
:108A8800214600F037F8002EBFF62FAFD4ED007A5C
:108A9800F1EE677AC4ED007AD4ED017AF1EE677AE7
:108AA800C4ED017A82E70323E5E700BFD80F493F09
:108AB800E3CB1640800FC93FD00FC93F004435377C
:108AC8004344353708A3852E800F494384F9223F54
:108AD8009091000800A3852E32318D240000804338
:108AE8001092000810EE103A23F0004300EE103AFE
:108AF800704700002DE9F04F2DED048BD9B090465A
:108B08000190B64A669818F1040F52F820A00F4653
:108B180003F1FF3B26DBB8F1030248BF08F104026A
:108B2800D210551C67999FEDB17AE800A2EB0B06AD
:108B38000290A8EBC5050AEB0B0C1CAC01EB860EEA
:108B48000020604510DD1CA901EB83000DF5887934
:108B58000026564524DCDDF804E0DFEDA47A8446DF
:108B6800002416E00022DCE7C6425DBF5EF8201054
:108B780007EE901AF8EEE77AF0EE477AE4EC017A1D
:108B88000130DEE7FEEC016A3CED017AE6EE877A19
:108B980001345C45F6DDE9EC017A01360430D8E7AA
:108BA80008A901EB8A0104916799DFED8F8A9FED8F
:108BB8008D9A01EB820203925446A200059258AAAC
:108BC80002EB840212ED140A44A908AA01EB8400FE
:108BD80094462646002E4CDC2846CDE9062300F0B4
:108BE800F1F9B0EE408AB4EE000A28EE000A00F06F
:108BF8004FFAF2EE007AA0EE678A002DDDE906232F
:108C0800FDEEC87A17EE909AF8EEE77A38EE678AA2
:108C180041DD04F1FF3C08A9C5F1080E51F82C60AC
:108C280046FA0EF0814400FA0EF0361AC5F1070034
:108C380041F82C600641002E3CDD4FF0000E09F192
:108C480001097046744568DC002D03DD012D74D0E0
:108C5800022D7DD0022E2DD1B7EE000A30EE488AC3
:108C680040B32846069300F0ADF9069B38EE408ADB
:108C780020E060EE287A013EFDEEE77AF8EEE77A2A
:108C8800A7EEC90ABDEEC00AACEC010A30ED010A34
:108C980037EE800A9EE705D1601E08A951F82060CA
:108CA800F611C8E7F6EE007AB4EEE78AF1EE10FAAC
:108CB80031DA0026B5EE408AF1EE10FA40F09880DD
:108CC800601E002250454BDA002A65D0013C08ABF3
:108CD800083D53F82430002BF8D02846B7EE000A98
:108CE80000F070F9631C44AA9FED3F7A990002EBEB
:108CF80083022346002B80F2A9802346002BC0F272
:108D0800C78044AA02EB8305DFF8D4C0DFED377AC9
:108D18000020E21AB1E002268FE752F8041B48B996
:108D280021B1C1F5807142F8041C01210EF1010E38
:108D3800084687E7C1F1FF01F5E704F1FF3C08AAFF
:108D480052F82C2002F07F0208A941F82C2081E774
:108D580004F1FF3C08AA52F82C2002F03F02F3E786
:108D680008A951F8201001380A43ABE7013250F83E
:108D7800046D002EFAD0059901F5B0710DEB0100D4
:108D8800E6181CA904F1010C4C3801EB86062244B4
:108D9800624504DA144610E704980122E7E70399CC
:108DA800DDF804E051F82C10059107EE901AF8EE62
:108DB800E77A0024E6EC017ADFED0C7AB1465C45EF
:108DC80004DDE0EC017A0CF1010CE1E7FEEC016A4C
:108DD80039ED017A0134E6EE877AF0E75495000818
:108DE80028950008000080430000803B0000000038
:108DF800029BB0EE480AA3EB080000F0E3F81FED71
:108E0800077AB4EEC70AF1EE10FA19DB5FED0A7AB9
:108E180060EE277A08AAFDEEE77A0835F8EEE77AD9
:108E2800A7EEC70AFDEEE77ABDEEC00A10EE103ACB
:108E380042F8243017EE903A013442F824304CE7D7
:108E4800BDEEC00A08AA10EE103AF6E708A850F8D6
:108E58002300019007EE900AF8EEE77A013B67EEEF
:108E6800807A20EE070A62ED017A43E7FCEC016A9A
:108E7800B5EC017AE6EE877A0130504501DC904284
:108E8800F4DD58A800EB820242ED287A013B35E771
:108E9800669B022B09DC002B27DC40D009F0070079
:108EA80059B0BDEC048BBDE8F08F669B032BF5D160
:108EB80030AA0B1F13441A462046002850DC2246CD
:108EC800012A5DDC30AB5FED377A0B44012C67DC9F
:108ED800DDED306A9DED317A002E67D1C7ED006A6D
:108EE80087ED017AC7ED027AD8E730AB1FED417AFA
:108EF8000B442246002A24DA4EB3F1EE477AC7ED36
:108F0800007ADDED307A77EEC77A31AA01239C42E8
:108F180020DA0EB1F1EE677AC7ED017ABEE730AB21
:108F28005FED4E7A0B44002C05DA0EB1F1EE677A4C
:108F3800C7ED007AB2E733ED017A013C77EE877A24
:108F4800F1E773ED017A013A37EE277AD2E7F0EECE
:108F5800477AD4E7B2EC017A013377EE877AD6E71D
:108F680072ED017AD2ED016A37EEA67A013877EE12
:108F7800C77A82ED007A77EEA67AC2ED017A9CE78D
:108F880073ED017AD3ED016A37EEA67A013A77EEEE
:108F9800C77A83ED007A77EEA67AC3ED017A8FE778
:108FA80033ED017A013C77EE877A8FE7F1EE666A56
:108FB800B1EE477AC7ED006A87ED017AF1EE677A7C
:108FC80090E700BF10EE103A33F000422BD0B2F118
:108FD800FF4F02D330EE000A704713F0FF4F23D142
:108FE800244BDFED257A984220EE270A17DB10EE96
:108FF800103AC3F3C752193A4CF25031884215DD82
:10900800DFED1E7ADFED1E6A10EE103AB0EE677AD9
:10901800002BB8BFF0EE667A27EE870A7047DFEDBF
:10902800197A27EE800A7047D20DE5E71044FE282A
:10903800E6DC002806DD23F0FF4343EAC05300EED8
:10904800103A704710F1160F09DADFED0E7ADFEDEE
:109058000E6A10EE103AB0EE677A002BD9E7193095
:1090680023F0FF4343EAC0539FED080A07EE903A06
:10907800D7E700BFB03CFFFF0000004CCAF24971BF
:10908800CAF249F16042A20D6042A28D000000338D
:1090980010EE103AC3F3C7527F3A162A23F0004164
:1090A8002BDC002A12DADFED197A30EE270AB5EE4A
:1090B800C00AF1EE10FA06DD002B24DA0029144B61
:1090C80008BF4FF0004300EE103A704711491141B4
:1090D8000B42FAD0DFED0D7A30EE270AB5EEC00A62
:1090E800F1EE10FAEFDD002BBEBF4FF4000040FA9E
:1090F80002F29B1823EA0103E5E7B1F1FF4FE4D33D
:1091080030EE000A70470023DDE700BFCAF249715C
:10911800000080BFFFFF7F00F8B500BFF8BC08BCA7
:109128009E467047F8B500BFF8BC08BC9E4670471D
:1091380053544D3332205669727475616C20436FF5
:109148006D506F727400000053544D6963726F65FF
:109158006C656374726F6E696373000043444320E7
:10916800436F6E666967000043444320496E746527
:1091780072666163650000000000000000000000E6
:109188000102030406070809000FC93F000F494000
:1091980000CB9640000FC9400053FB4000CB16415E
:1091A80000ED2F41000F49410031624100537B41DE
:1091B800003A8A4100CB9641005CA34100EDAF41E3
:1091C800007EBC41000FC94100A0D5410031E241F9
:1091D80000C2EE410053FB4100F20342003A0A424A
:1091E8000083104200CB164200141D42005C23424B
:1091F80000A5294200ED2F4200363642007E3C424F
:1092080000C74242000F4942A2000000F9000000D6
:10921800830000006E0000004E00000044000000C3
:109228001500000029000000FC00000027000000D5
:1092380057000000D1000000F500000034000000D5
:10924800DD000000C0000000DB000000620000003C
:1092580095000000990000003C0000004300000059
:109268009000000041000000FE00000051000000D6
:1092780063000000AB000000DE000000BB0000003F
:10928800C500000061000000B700000024000000D5
:109298006E0000003A000000420000004D0000008F
:1092A800D2000000E00000000600000049000000B5
:1092B8002E000000EA00000009000000D1000000B4
:1092C800920000001C000000FE0000001D000000CD
:1092D800EB0000001C000000B100000029000000A5
:1092E800A70000003E000000E80000008200000027
:1092F80035000000F50000002E000000BB00000053
:109308004400000084000000E90000009C00000008
:109318007000000026000000B40000005F0000009C
:109328007E000000410000003900000091000000AC
:10933800D600000039000000830000005300000040
:1093480039000000F40000009C00000084000000C8
:109358005F0000008B000000BD000000F900000065
:10936800280000003B0000001F000000F80000007B
:1093780097000000FF000000DE000000050000006C
:10938800980000000F000000EF0000002F00000010
:10939800110000008B0000005A0000000A000000C5
:1093A8006D0000001F0000006D0000003600000086
:1093B8007E000000CF00000027000000CB00000066
:1093C80009000000B70000004F0000004600000040
:1093D8003F000000660000009E0000005F000000E3
:1093E800EA0000002D0000007500000027000000C2
:1093F800BA000000C7000000EB000000E500000014
:10940800F10000007B0000003D00000007000000A4
:1094180039000000F70000008A0000005200000038
:1094280092000000EA0000006B000000FB00000052
:109438005F000000B10000001F0000008D00000068
:109448005D00000008000000560000000300000056
:109458003000000046000000FC0000007B00000017
:109468006B000000AB000000F0000000CF0000001F
:10947800BC000000200000009A000000F40000007A
:10948800360000001D000000A9000000E3000000F5
:1094980091000000610000005E000000E60000008E
:1094A8001B00000008000000650000009900000093
:1094B800850000005F00000014000000A00000000C
:1094C80068000000400000008D000000FF00000060
:1094D800D8000000800000004D000000730000006C
:1094E8002700000031000000060000000600000010
:1094F8001500000056000000CA00000073000000BC
:10950800A8000000C900000060000000E2000000A0
:109518007B000000C00000008C0000006B00000011
:109528000000C93F0000F0390000DA370000A2331C
:109538000000842E0000502B0000C2270000D0221B
:109548000000C41F0000C61B0000441704000000F0
:089558000700000009000000FB
:08956000D474FF7F010000003C
:04956800AD01000849
:04956C008901000869
:109570000024F40010000000010000000A060002B0
:109580000000004001000000555C0008455E000836
:10959000495F0008000000006F62000801610008D8
:1095A000FF61000800000000000000000000000053
:1095B00055630008E5620008C563000835640008CB
:1095C00009024300020100C0320904000001020246
:1095D00001000524001001052401000104240202F9
:1095E0000524060001070582030800100904010094
:1095F000020A000000070501024000000705810281
:109600004000008101820000957C0008BD7C0008BC
:10961000CD7C0008897D0008FD7D0008217E0008C2
:10962000457E0008A57E0008697E0008CD7E000802
:10963000F17E00082D7F00081201000202020040A6
:1096400083044057000201020301000004030904DF
:109650001A030000000000000000000000000000ED
:0C966000000000000000000000000000FE
:04000005080014D506
:00000001FF
